danceability,energy,loudness,speechiness,acousticness,instrumentalness,liveness,valence,tempo,id,uri,artist_genres,track_name,artist_name,album,user
0.624,0.433,-9.572,0.0467,0.837,0.0294,0.113,0.589,124.979,4h5x3XHLVYFJaItKuO2rhy,spotify:track:4h5x3XHLVYFJaItKuO2rhy,"['pop', 'r&b', 'rap']",Ghost in the Machine (feat. Phoebe Bridgers),SZA,SOS,Mimi
0.614,0.785,-8.224,0.0668,0.549,0.842,0.348,0.853,180.036,70jc6VUdHljHN6y2AGkpyC,spotify:track:70jc6VUdHljHN6y2AGkpyC,"['hip hop', 'ohio hip hop', 'pop rap', 'rap']",Mojo So Dope,Kid Cudi,Man On The Moon II: The Legend Of Mr. Rager (Explicit Version),Mimi
0.901,0.697,-3.439,0.28,0.145,0.0,0.287,0.67,93.941,7KwZNVEaqikRSBSpyhXK2j,spotify:track:7KwZNVEaqikRSBSpyhXK2j,"['east coast hip hop', 'gangster rap', 'hardcore hip hop', 'hip hop', 'rap']",Hypnotize - 2014 Remaster,The Notorious B.I.G.,Life After Death (2014 Remastered Edition),Mimi
0.559,0.345,-13.496,0.0459,0.0576,0.000105,0.141,0.458,84.581,3d9DChrdc6BOeFsbrZ3Is0,spotify:track:3d9DChrdc6BOeFsbrZ3Is0,"['alternative rock', 'funk metal', 'funk rock', 'permanent wave', 'rock']",Under the Bridge,Red Hot Chili Peppers,Blood Sugar Sex Magik (Deluxe Edition),Mimi
0.615,0.55,-13.858,0.0349,0.0546,0.19,0.747,0.549,95.488,3xGJuHvSxFJxxYlHj5BIoT,spotify:track:3xGJuHvSxFJxxYlHj5BIoT,"['album rock', 'art rock', 'classic rock', 'progressive rock', 'psychedelic rock', 'rock', 'symphonic rock']",Young Lust,Pink Floyd,The Wall,Mimi
0.538,0.916,-8.109,0.0622,0.0293,1.32e-05,0.473,0.491,121.036,1AJHaJFNM2Q4UpJ1fG1bIi,spotify:track:1AJHaJFNM2Q4UpJ1fG1bIi,['synth punk'],Ssx,The Hellp,Vol. 1,Mimi
0.634,0.63,-8.277,0.031,0.447,0.039,0.17,0.489,118.628,6H3kDe7CGoWYBabAeVWGiD,spotify:track:6H3kDe7CGoWYBabAeVWGiD,"['album rock', 'british invasion', 'classic rock', 'rock']",Gimme Shelter,The Rolling Stones,Let It Bleed,Mimi
0.58,0.47,-11.923,0.0337,0.863,0.934,0.11,0.43,111.459,40MYrR5GY6f0ghFOnJJC9v,spotify:track:40MYrR5GY6f0ghFOnJJC9v,['slowcore'],Gold Dust,Duster,Stratosphere,Mimi
0.729,0.929,-3.297,0.238,0.0759,0.000846,0.303,0.884,92.675,36yUCSB9OaMz0RMUQDOSpT,spotify:track:36yUCSB9OaMz0RMUQDOSpT,"['g funk', 'gangster rap', 'hip hop', 'rap', 'west coast rap']",Let Me Ride,Dr. Dre,The Chronic,Mimi
0.841,0.738,-5.325,0.3,0.102,0.0235,0.0901,0.305,93.725,2bXI4Rbw1D7aVeHWLjn1Lb,spotify:track:2bXI4Rbw1D7aVeHWLjn1Lb,"['east coast hip hop', 'gangster rap', 'hardcore hip hop', 'hip hop', 'rap']",Machine Gun Funk - 2005 Remaster,The Notorious B.I.G.,Ready to Die (The Remaster),Mimi
0.533,0.952,-5.757,0.0354,0.00385,0.0,0.283,0.31,137.03,7pVCgzMqsnh2hggEtpErnv,spotify:track:7pVCgzMqsnh2hggEtpErnv,[],Sabotage,Snow Strippers,April Mixtape 2,Mimi
0.76,0.964,-5.844,0.0577,0.00181,0.703,0.0975,0.643,125.003,6ho0GyrWZN3mhi9zVRW7xi,spotify:track:6ho0GyrWZN3mhi9zVRW7xi,"['australian house', 'house']",Losing It,FISHER,Losing It,Mimi
0.338,0.34,-12.049,0.0339,0.58,0.0032,0.116,0.197,82.433,5CQ30WqJwcep0pYcV4AMNc,spotify:track:5CQ30WqJwcep0pYcV4AMNc,"['album rock', 'classic rock', 'hard rock', 'rock']",Stairway to Heaven - Remaster,Led Zeppelin,Led Zeppelin IV (Deluxe Edition),Mimi
0.395,0.769,-5.528,0.0369,0.014,0.0325,0.112,0.408,140.078,76U2JknPYxnivAcV63Yz36,spotify:track:76U2JknPYxnivAcV63Yz36,['grave wave'],Sick Machine,Pictureplane,Technomancer,Mimi
0.881,0.361,-14.728,0.237,0.0502,0.00458,0.246,0.799,96.43,4HfxDJ0uLHTLe0fZrx0MbQ,spotify:track:4HfxDJ0uLHTLe0fZrx0MbQ,"['conscious hip hop', 'east coast hip hop', 'golden age hip hop', 'hip hop', 'jazz rap', 'queens hip hop']",Check the Rhime,A Tribe Called Quest,The Low End Theory,Mimi
0.92,0.553,-5.068,0.191,0.236,0.0,0.0767,0.947,112.022,7gihksIHhs6nw5tYlI6UEq,spotify:track:7gihksIHhs6nw5tYlI6UEq,"['hip hop', 'new orleans rap', 'pop rap', 'rap', 'trap']",Mrs. Officer,Lil Wayne,Tha Carter III,Mimi
0.795,0.71,-4.746,0.0392,0.443,0.0215,0.344,0.845,109.689,3hJLKtTpgct9Y9wKww0BiR,spotify:track:3hJLKtTpgct9Y9wKww0BiR,"['album rock', 'british invasion', 'classic rock', 'rock']",Miss You - Remastered,The Rolling Stones,Some Girls,Mimi
0.423,0.756,-7.445,0.0612,0.0258,0.835,0.253,0.552,166.96,1d0Ol4OODB5ioYsds2TtJC,spotify:track:1d0Ol4OODB5ioYsds2TtJC,['weirdcore'],Facebook.com,Memo Boy,Songs & Demos 2015-2017,Mimi
0.506,0.746,-7.385,0.0307,0.00183,0.0,0.109,0.299,130.997,2OoKzfr7RB5o9cxHArUoIS,spotify:track:2OoKzfr7RB5o9cxHArUoIS,"['art pop', 'escape room', 'experimental pop', 'experimental r&b', 'hypnagogic pop']",Kerosene!,Yves Tumor,Heaven To A Tortured Mind,Mimi
0.918,0.734,-2.832,0.269,0.0296,8.01e-06,0.191,0.608,97.044,2vfvGlqCB7oertO5VLE0sz,spotify:track:2vfvGlqCB7oertO5VLE0sz,"['atl hip hop', 'dirty south rap', 'hip hop', 'old school atlanta hip hop', 'rap', 'southern hip hop']",ATLiens,Outkast,ATLiens,Mimi
0.794,0.838,-6.526,0.141,0.165,1.07e-06,0.558,0.641,100.124,4ljxxdaJncZ5hsY2C4pAk5,spotify:track:4ljxxdaJncZ5hsY2C4pAk5,"['g funk', 'gangster rap', 'hip hop', 'pop rap', 'rap', 'west coast rap']",G Funk Intro,Snoop Dogg,Doggystyle,Mimi
0.877,0.6,-4.577,0.0809,0.021,5.38e-05,0.244,0.176,149.992,19n8izXThARSuQAXrOKNbO,spotify:track:19n8izXThARSuQAXrOKNbO,"['cloud rap', 'dark trap', 'new orleans rap', 'underground hip hop']",Avalon,$uicideboy$,Long Term Effects of SUFFERING,Mimi
0.627,0.825,-6.032,0.492,0.0933,0.00232,0.594,0.556,138.033,4iShoHVUGeSVT7jqyAVgnC,spotify:track:4iShoHVUGeSVT7jqyAVgnC,"['glitchcore', 'hyperpop']",GOD,2hollis,2,Mimi
0.747,0.696,-9.508,0.0465,0.00119,0.5,0.0964,0.891,130.324,6o43Gi1cX7Nyi6koSkwIBc,spotify:track:6o43Gi1cX7Nyi6koSkwIBc,"['dark synthpop', 'grave wave']",Navy Light,Labyrinth Ear,Oak,Mimi
0.88,0.443,-6.359,0.0653,0.462,7.13e-06,0.122,0.803,138.018,60PAzFNW3vAiAiVK6DRJfB,spotify:track:60PAzFNW3vAiAiVK6DRJfB,"['hip hop', 'ohio hip hop', 'pop rap', 'rap']",Day 'N' Nite (Nightmare),Kid Cudi,Man On The Moon: The End Of Day (Int'l Version),Mimi
0.389,0.906,-5.897,0.0293,0.000405,0.83,0.368,0.294,107.185,2yXFFgJgzB2ozeW17xjzyA,spotify:track:2yXFFgJgzB2ozeW17xjzyA,"['alternative emo', 'dreamo', 'emo', 'grungegaze', 'spacegrunge']",In-Between,Title Fight,Floral Green,Mimi
0.774,0.623,-10.372,0.324,0.299,0.0,0.385,0.928,86.233,4DcrZLp19qTdBYqc2bgj3V,spotify:track:4DcrZLp19qTdBYqc2bgj3V,"['conscious hip hop', 'east coast hip hop', 'golden age hip hop', 'hip hop', 'jazz rap', 'queens hip hop']",Sucka Nigga,A Tribe Called Quest,Midnight Marauders,Mimi
0.611,0.718,-6.064,0.0283,0.0562,0.927,0.194,0.57,105.788,52Td1R2HmvP5gevSgUaifx,spotify:track:52Td1R2HmvP5gevSgUaifx,"['hypnagogic pop', 'utopian virtual']",Middle of Nowhere,Macabre Plaza,Remember Me? EP from Mp,Mimi
0.802,0.983,-2.266,0.0629,0.0328,0.362,0.0978,0.358,139.993,2DjfjCE8rJU7FLg5pg06hY,spotify:track:2DjfjCE8rJU7FLg5pg06hY,['drift phonk'],LET'S RIDE! - Drift Phonk,SXMPRA,LET'S RIDE! (Drift Phonk),Mimi
0.614,0.544,-9.386,0.0285,0.233,0.0534,0.126,0.383,88.776,4HcoOySjWrhxpGpo32HPg1,spotify:track:4HcoOySjWrhxpGpo32HPg1,"['album rock', 'art rock', 'british invasion', 'classic rock', 'folk rock', 'glam rock', 'protopunk', 'psychedelic rock', 'rock', 'singer-songwriter']",Living on a Thin Line,The Kinks,Word of Mouth,Mimi
0.757,0.443,-8.348,0.0324,0.904,0.0421,0.116,0.387,99.987,1An94iHFKObQq2brAVl5La,spotify:track:1An94iHFKObQq2brAVl5La,"['art pop', 'canadian electropop', 'grave wave', 'indietronica', 'metropopolis', 'neo-synthpop']",Rosa,Grimes,Geidi Primes,Mimi
0.754,0.825,-5.366,0.194,0.039,0.0,0.0744,0.64,95.073,66orjI5vOkyxOZLHWrPklh,spotify:track:66orjI5vOkyxOZLHWrPklh,"['detroit hip hop', 'east coast hip hop', 'gangster rap', 'hardcore hip hop', 'hip hop', 'rap']",X Gon' Give It To Ya - Int'l Bonus track,DMX,Grand Champ,Mimi
0.597,0.427,-6.764,0.0536,0.18,1.33e-05,0.121,0.0997,120.085,787rCZF9i4L1cXGMkdyIk4,spotify:track:787rCZF9i4L1cXGMkdyIk4,"['east coast hip hop', 'hip hop', 'rap', 'trap']",LVL,A$AP Rocky,LONG.LIVE.A$AP (Deluxe Version),Mimi
0.654,0.95,-3.163,0.137,0.00223,0.0,0.406,0.351,140.009,20bJBbPapGQ4bqs0YcA9xY,spotify:track:20bJBbPapGQ4bqs0YcA9xY,"['hip hop', 'ohio hip hop', 'pop rap', 'rap']",Just What I Am,Kid Cudi,Indicud,Mimi
0.585,0.976,-4.764,0.116,0.0492,0.00798,0.21,0.684,133.997,4luiQl18IztB9tmtn0ACV0,spotify:track:4luiQl18IztB9tmtn0ACV0,['synth punk'],California Dream Girl,The Hellp,California Dream Girl,Mimi
0.588,0.832,-4.219,0.05,0.000132,0.000151,0.292,0.76,121.973,3EBCX213tph37xvo20rnsO,spotify:track:3EBCX213tph37xvo20rnsO,"['alternative dance', 'bitpop', 'digital hardcore', 'indietronica', 'neo-synthpop', 'new rave', 'nintendocore']",Pap Smear,Crystal Castles,Crystal Castles (II),Mimi
0.704,0.873,-4.057,0.144,0.121,5.12e-06,0.24,0.742,154.914,19FsxX4RthRMZGfXkImdCb,spotify:track:19FsxX4RthRMZGfXkImdCb,"['east coast hip hop', 'gangster rap', 'hardcore hip hop', 'hip hop', 'rap']",Notorious Thugs - 2014 Remaster,The Notorious B.I.G.,Life After Death (2014 Remastered Edition),Mimi
0.346,0.768,-5.695,0.0377,0.00603,0.38,0.0244,0.532,169.492,0NWPxcsf5vdjdiFUI8NgkP,spotify:track:0NWPxcsf5vdjdiFUI8NgkP,"['acid rock', 'album rock', 'alternative rock', 'classic rock', 'hard rock', 'proto-metal', 'psychedelic rock', 'rock']",Hey Joe,Jimi Hendrix,Are You Experienced,Mimi
0.498,0.658,-9.651,0.0273,0.000291,0.39,0.0656,0.719,152.061,0ugYzRHD8zpMdb9ROOGtdg,spotify:track:0ugYzRHD8zpMdb9ROOGtdg,"['philly indie', 'pov: indie']",Snot,Alex G,Beach Music,Mimi
0.63,0.774,-6.217,0.12,0.195,0.0985,0.111,0.446,158.006,4U4H6N5Gwbc4pA0NhByEpq,spotify:track:4U4H6N5Gwbc4pA0NhByEpq,"['hip hop', 'ohio hip hop', 'pop rap', 'rap']",The End,Kid Cudi,Man On The Moon II: The Legend Of Mr. Rager (Explicit Version),Mimi
0.422,0.804,-5.955,0.0669,0.0177,0.000461,0.1,0.312,119.621,25tFjJ6tVaDrGOw4SaT5BR,spotify:track:25tFjJ6tVaDrGOw4SaT5BR,"['alternative rock', 'funk metal', 'funk rock', 'permanent wave', 'rock']",Transcending,Red Hot Chili Peppers,One Hot Minute (Deluxe Edition),Mimi
0.533,0.905,-5.27,0.0754,0.00876,0.578,0.0698,0.486,108.9,0wJoRiX5K5BxlqZTolB2LD,spotify:track:0wJoRiX5K5BxlqZTolB2LD,"['acid rock', 'album rock', 'alternative rock', 'classic rock', 'hard rock', 'proto-metal', 'psychedelic rock', 'rock']",Purple Haze,Jimi Hendrix,Are You Experienced,Mimi
0.33,0.342,-14.09,0.0404,0.734,0.671,0.129,0.0795,142.95,0GRBFjza23Im7Xb16c9AaK,spotify:track:0GRBFjza23Im7Xb16c9AaK,"['album rock', 'classic rock', 'hard rock', 'rock']",No Quarter - Remaster,Led Zeppelin,Houses of the Holy (Remaster),Mimi
0.759,0.782,-6.975,0.0741,0.000589,0.0,0.35,0.507,131.04,1eRBW1HcyM1zPlxO26cScZ,spotify:track:1eRBW1HcyM1zPlxO26cScZ,"['conscious hip hop', 'hip hop', 'rap', 'west coast rap']",The Recipe - Bonus Track,Kendrick Lamar,"good kid, m.A.A.d city (Deluxe)",Mimi
0.759,0.756,-8.145,0.266,0.0903,2.36e-06,0.265,0.613,87.059,4G3dZN9o3o2X4VKwt4CLts,spotify:track:4G3dZN9o3o2X4VKwt4CLts,"['alternative hip hop', 'hardcore hip hop', 'hip hop', 'jazz rap', 'west coast rap']",Passin' Me By,The Pharcyde,Bizarre Ride II The Pharcyde,Mimi
0.749,0.856,-5.833,0.235,0.107,0.0,0.745,0.402,103.773,1KQymTxNJfWk6vCD5ywKW2,spotify:track:1KQymTxNJfWk6vCD5ywKW2,"['atl hip hop', 'dirty south rap', 'hip hop', 'old school atlanta hip hop', 'rap', 'southern hip hop']",Da Art of Storytellin' (Pt. 1),Outkast,Aquemini,Mimi
0.472,0.366,-12.595,0.0286,0.15,0.312,0.0837,0.171,127.163,5HNCy40Ni5BZJFw1TKzRsC,spotify:track:5HNCy40Ni5BZJFw1TKzRsC,"['album rock', 'art rock', 'classic rock', 'progressive rock', 'psychedelic rock', 'rock', 'symphonic rock']",Comfortably Numb,Pink Floyd,The Wall,Mimi
0.811,0.428,-10.728,0.221,0.0122,0.317,0.344,0.653,80.962,0INtJm8gCJKtNaAYQNVlpZ,spotify:track:0INtJm8gCJKtNaAYQNVlpZ,[],"You Don't Love Me (No, No, No) - Extended Mix",Dawn Penn,"No, No, No",Mimi
0.284,0.875,-6.069,0.0422,0.00752,0.000461,0.402,0.595,75.009,1L94M3KIu7QluZe63g64rv,spotify:track:1L94M3KIu7QluZe63g64rv,"['alternative metal', 'alternative rock', 'classic rock', 'grunge', 'permanent wave', 'rock']",Alive,Pearl Jam,Ten,Mimi
0.412,0.658,-12.051,0.0708,4.52e-05,0.000774,0.176,0.454,163.071,1Y373MqadDRtclJNdnUXVc,spotify:track:1Y373MqadDRtclJNdnUXVc,"['album rock', 'alternative metal', 'birmingham metal', 'classic rock', 'hard rock', 'metal', 'rock', 'stoner rock', 'uk doom metal']",Paranoid - 2012 - Remaster,Black Sabbath,Paranoid (Remaster),Mimi
0.731,0.807,-6.492,0.1,0.181,0.751,0.319,0.765,114.759,2bLqfJjuC5syrsgDsZfGmn,spotify:track:2bLqfJjuC5syrsgDsZfGmn,"['dance pop', 'pop', 'pop rap']",The Way I Are,Timbaland,Shock Value,Mimi
0.548,0.778,-6.367,0.0551,0.279,0.0247,0.0484,0.969,120.37,7HIG9Utsra6sL79nA1Tn0y,spotify:track:7HIG9Utsra6sL79nA1Tn0y,"['album rock', 'british invasion', 'classic rock', 'rock']",Honky Tonk Women,The Rolling Stones,Forty Licks,Mimi
0.879,0.401,-7.632,0.453,0.00539,3.66e-06,0.0688,0.78,94.508,4R8XY2fcKNW4zNug9Y1WLJ,spotify:track:4R8XY2fcKNW4zNug9Y1WLJ,"['conscious hip hop', 'east coast hip hop', 'golden age hip hop', 'hip hop', 'jazz rap', 'queens hip hop']",Busta's Lament,A Tribe Called Quest,The Love Movement,Mimi
0.271,0.553,-9.526,0.0472,0.044,0.0096,0.0999,0.433,86.762,6hu1f1cXSw7OAqhpSQ2zDy,spotify:track:6hu1f1cXSw7OAqhpSQ2zDy,"['album rock', 'classic rock', 'hard rock', 'rock']",Dazed and Confused - 1990 Remaster,Led Zeppelin,Led Zeppelin,Mimi
0.83,0.698,-6.517,0.077,0.224,1.02e-06,0.191,0.595,132.99,09riz9pAPJyYYDVynE5xxY,spotify:track:09riz9pAPJyYYDVynE5xxY,"['cloud rap', 'dark trap', 'new orleans rap', 'underground hip hop']",1000 Blunts,$uicideboy$,"Sing Me a Lullaby, My Sweet Temptation",Mimi
0.431,0.373,-15.142,0.0346,0.389,0.728,0.143,0.253,128.153,2ctvdKmETyOzPb2GiJJT53,spotify:track:2ctvdKmETyOzPb2GiJJT53,"['album rock', 'art rock', 'classic rock', 'progressive rock', 'psychedelic rock', 'rock', 'symphonic rock']",Breathe (In the Air),Pink Floyd,The Dark Side of the Moon,Mimi
0.803,0.668,-9.546,0.328,0.0431,0.0,0.448,0.695,93.996,5VEKqp658KuE7uIgTQDyVT,spotify:track:5VEKqp658KuE7uIgTQDyVT,"['conscious hip hop', 'east coast hip hop', 'golden age hip hop', 'hip hop', 'jazz rap', 'queens hip hop']","The Chase, Part II",A Tribe Called Quest,Midnight Marauders,Mimi
0.582,0.986,-4.492,0.0585,0.00391,9.25e-05,0.789,0.744,144.958,3iRoXGFrF8O0jTul6LAmus,spotify:track:3iRoXGFrF8O0jTul6LAmus,[],Under Your Spell,Snow Strippers,April Mixtape 3,Mimi
0.419,0.713,-8.867,0.0975,0.0685,0.541,0.291,0.555,186.788,6ywnTBL62OTd8HUaztJizb,spotify:track:6ywnTBL62OTd8HUaztJizb,"['alternative hip hop', 'detroit hip hop', 'hip hop', 'instrumental hip hop']",Time: The Donut of the Heart,J Dilla,Donuts,Mimi
0.69,0.729,-5.819,0.221,1.7e-05,0.0431,0.152,0.357,91.376,2CPturRUlpvirYr7VpkXCV,spotify:track:2CPturRUlpvirYr7VpkXCV,"['conscious hip hop', 'east coast hip hop', 'gangster rap', 'hardcore hip hop', 'hip hop', 'queens hip hop', 'rap']",It Ain't Hard to Tell,Nas,Illmatic,Mimi
0.574,0.274,-13.553,0.0286,0.0111,0.786,0.123,0.111,125.652,5Q6Xzp25aXYxNJ4B6vBkcf,spotify:track:5Q6Xzp25aXYxNJ4B6vBkcf,"['alternative metal', 'alternative rock', 'grunge', 'permanent wave', 'rock', 'spacegrunge']",Luna - 2011 Remaster,The Smashing Pumpkins,Siamese Dream (Deluxe Edition),Mimi
0.367,0.609,-11.221,0.0457,0.301,0.0243,0.196,0.443,149.386,60TYdVs6TWIsAJ1MPRdv59,spotify:track:60TYdVs6TWIsAJ1MPRdv59,"['album rock', 'classic rock', 'glam metal', 'hard rock', 'progressive rock', 'rock']",Then Came the Last Days of May,Blue Öyster Cult,Blue Oyster Cult,Mimi
0.468,0.858,-9.639,0.0543,0.166,0.000304,0.0807,0.526,77.987,16VhHtoaOjTU4AJBNSBNQ1,spotify:track:16VhHtoaOjTU4AJBNSBNQ1,"['album rock', 'classic rock', 'hard rock', 'rock']","Hey, Hey, What Can I Do - Remaster",Led Zeppelin,Coda (Deluxe Edition),Mimi
0.65,0.686,-5.198,0.0314,0.513,0.000189,0.138,0.497,124.019,2Wk8vEamlVBBalBi24NnU1,spotify:track:2Wk8vEamlVBBalBi24NnU1,"['philly indie', 'pov: indie']",Sarah,Alex G,Trick,Mimi
0.622,0.661,-5.04,0.346,0.153,0.0,0.634,0.596,188.255,3QtvqDE3siGOPPZns8aLz8,spotify:track:3QtvqDE3siGOPPZns8aLz8,"['hip hop', 'pittsburgh rap', 'rap']",Gees (feat. ScHoolboy Q),Mac Miller,Watching Movies with the Sound Off,Mimi
0.73,0.54,-9.046,0.045,0.362,0.00334,0.0419,0.977,109.76,16EKGMPGE3f6X3p18CjtkB,spotify:track:16EKGMPGE3f6X3p18CjtkB,"['alternative rock', 'boston rock', 'permanent wave', 'rock']",The Thing,Pixies,Velouria,Mimi
0.174,0.742,-5.93,0.0485,0.00181,0.281,0.198,0.36,163.378,2enPRFda84VE2wtI8c86Uf,spotify:track:2enPRFda84VE2wtI8c86Uf,"['experimental pop', 'indie surf', 'pov: indie']",Always Forever,Cults,Static,Mimi
0.693,0.467,-9.558,0.043,0.0497,0.452,0.107,0.402,105.955,36TbBJ7mLPOZMAYs0p4mxb,spotify:track:36TbBJ7mLPOZMAYs0p4mxb,"['philly indie', 'pov: indie']",Mary,Alex G,Trick,Mimi
0.775,0.795,-4.171,0.206,0.148,0.00119,0.0411,0.796,95.212,4UZlEcQmkAeh4mYokk8TNs,spotify:track:4UZlEcQmkAeh4mYokk8TNs,"['east coast hip hop', 'queens hip hop']",Let's Ride,Q-Tip,Amplified,Mimi
0.569,0.881,-5.873,0.365,0.111,0.0,0.655,0.811,148.067,0jFxJ1US3dmwQn7DJi269h,spotify:track:0jFxJ1US3dmwQn7DJi269h,"['hip hop', 'pittsburgh rap', 'rap']",Fight the Feeling (feat. Kendrick Lamar & Iman Omari),Mac Miller,Macadelic,Mimi
0.47,0.859,-3.663,0.0537,0.000362,0.00691,0.142,0.17,124.01,70L6nHORQsblY813yNqUR3,spotify:track:70L6nHORQsblY813yNqUR3,"['alternative metal', 'nu metal', 'rap metal', 'rock', 'sacramento indie']",Cherry Waves,Deftones,Saturday Night Wrist,Mimi
0.859,0.824,-7.207,0.0512,0.0242,0.66,0.205,0.882,124.015,1jytlwkECf6MuDfhrJI1XM,spotify:track:1jytlwkECf6MuDfhrJI1XM,"['australian house', 'house']",Stop It - Edit,FISHER,Oi Oi EP,Mimi
0.58,0.454,-10.877,0.0285,0.0381,0.714,0.108,0.612,93.906,2ArusOBCO5xbJV6QlreriJ,spotify:track:2ArusOBCO5xbJV6QlreriJ,"['alternative pop', 'melancholia']",23 Minutes in Brussels,Luna,Penthouse,Mimi
0.735,0.749,-3.766,0.0874,0.371,0.0,0.47,0.373,93.718,4z0PnuB07fxtVZZRWsCfxb,spotify:track:4z0PnuB07fxtVZZRWsCfxb,"['hip hop', 'pittsburgh rap', 'rap']",100 Grandkids,Mac Miller,GO:OD AM,Mimi
0.774,0.884,-7.568,0.0499,0.0309,0.136,0.0252,0.867,125.011,3UW1WvaTGaHYAPXL8XCWeN,spotify:track:3UW1WvaTGaHYAPXL8XCWeN,"['bass house', 'house', 'tech house', 'uk dance', 'uk tech house']",Sundown,Biscits,Sundown,Mimi
0.548,0.691,-13.553,0.0369,0.015,0.106,0.144,0.667,137.145,4KfSdst7rW39C0sfhArdrz,spotify:track:4KfSdst7rW39C0sfhArdrz,"['album rock', 'classic rock', 'glam metal', 'hard rock', 'heartland rock', 'mellow gold', 'new wave pop', 'rock', 'singer-songwriter', 'soft rock']",Barracuda,Heart,Little Queen,Mimi
0.51,0.505,-13.053,0.0344,0.342,0.96,0.117,0.318,114.532,7o2AeQZzfCERsRmOM86EcB,spotify:track:7o2AeQZzfCERsRmOM86EcB,"['ambient', 'braindance', 'electronica', 'intelligent dance music', 'uk experimental electronic']",Xtal,Aphex Twin,Selected Ambient Works 85-92,Mimi
0.695,0.907,-7.177,0.0319,0.00882,0.194,0.116,0.676,120.026,50dTzPsnl8OKc3BvudvQtt,spotify:track:50dTzPsnl8OKc3BvudvQtt,['grave wave'],Black Nails,Pictureplane,Thee Physical,Mimi
0.757,0.868,-9.326,0.062,0.411,0.00221,0.355,0.815,138.923,4OTw5splgMdlYklwHMHxLK,spotify:track:4OTw5splgMdlYklwHMHxLK,"['album rock', 'british invasion', 'classic rock', 'folk rock', 'mellow gold', 'merseybeat', 'soft rock']",Long Cool Woman (In a Black Dress) - 1999 Remaster,The Hollies,Distant Light (Expanded Edition),Mimi
0.822,0.479,-15.962,0.271,0.719,4.42e-05,0.124,0.72,92.461,7AgMX97ljLm9BzszyyXEYZ,spotify:track:7AgMX97ljLm9BzszyyXEYZ,"['conscious hip hop', 'east coast hip hop', 'golden age hip hop', 'hip hop', 'jazz rap', 'queens hip hop']",Jazz (We've Got),A Tribe Called Quest,The Low End Theory,Mimi
0.77,0.58,-8.393,0.247,0.519,0.000127,0.233,0.753,144.072,741UUVE2kuITl0c6zuqqbO,spotify:track:741UUVE2kuITl0c6zuqqbO,"['hip pop', 'pop', 'queens hip hop', 'rap']",Barbie World (with Aqua) [From Barbie The Album],Nicki Minaj,Barbie World (with Aqua) [From Barbie The Album],Mimi
0.334,0.554,-9.366,0.0374,0.0185,0.359,0.344,0.191,179.997,1BFzO8coSKQHqAqOqcWNkE,spotify:track:1BFzO8coSKQHqAqOqcWNkE,"['art pop', 'canadian electropop', 'grave wave', 'indietronica', 'metropopolis', 'neo-synthpop']",So Heavy I Fell Through the Earth - Art Mix,Grimes,Miss Anthropocene (Deluxe Edition),Mimi
0.514,0.474,-5.617,0.0238,0.34,0.00105,0.123,0.21,98.082,022KnoVZaB3IJx21uW5tDH,spotify:track:022KnoVZaB3IJx21uW5tDH,"['philly indie', 'pov: indie']",Southern Sky,Alex G,House of Sugar,Mimi
0.812,0.6,-9.414,0.254,0.00308,8.38e-06,0.173,0.555,97.338,5YTM7OgQDt9EJAYcfHLniJ,spotify:track:5YTM7OgQDt9EJAYcfHLniJ,"['conscious hip hop', 'east coast hip hop', 'golden age hip hop', 'hip hop', 'jazz rap', 'queens hip hop']",Award Tour (feat. Trugoy The Dove),A Tribe Called Quest,Midnight Marauders,Mimi
0.693,0.394,-15.882,0.0428,0.0782,0.000694,0.247,0.721,104.114,4gMgiXfqyzZLMhsksGmbQV,spotify:track:4gMgiXfqyzZLMhsksGmbQV,"['album rock', 'art rock', 'classic rock', 'progressive rock', 'psychedelic rock', 'rock', 'symphonic rock']","Another Brick in the Wall, Pt. 2",Pink Floyd,The Wall,Mimi
0.394,0.944,-6.506,0.0761,0.00178,4.54e-06,0.298,0.265,105.338,6QewNVIDKdSl8Y3ycuHIei,spotify:track:6QewNVIDKdSl8Y3ycuHIei,"['alternative metal', 'alternative rock', 'classic rock', 'grunge', 'permanent wave', 'rock']",Even Flow,Pearl Jam,Ten,Mimi
0.644,0.735,-5.747,0.0391,0.0521,0.144,0.161,0.418,88.98,1Qrg8KqiBpW07V7PNxwwwL,spotify:track:1Qrg8KqiBpW07V7PNxwwwL,"['pop', 'r&b', 'rap']",Kill Bill,SZA,SOS,Mimi
0.587,0.811,-10.824,0.0328,0.000135,0.472,0.0901,0.75,132.727,51Z2IzJvLCnZaIpBV0IYRr,spotify:track:51Z2IzJvLCnZaIpBV0IYRr,"['alternative rock', 'boston rock', 'permanent wave', 'rock']",Wave Of Mutilation,Pixies,Doolittle,Mimi
0.42,0.944,-9.296,0.0491,0.0599,0.74,0.101,0.323,151.261,4kIx6QQ6LtU6y3ySfwSKLB,spotify:track:4kIx6QQ6LtU6y3ySfwSKLB,"['horror punk', 'new jersey hardcore', 'new jersey punk', 'punk']",Some Kinda Hate - C.I. Recording 1978,Misfits,The Misfits Box Set,Mimi
0.669,0.821,-4.37,0.29,0.00182,0.0,0.147,0.684,94.895,5Tbpp3OLLClPJF8t1DmrFD,spotify:track:5Tbpp3OLLClPJF8t1DmrFD,"['g funk', 'gangster rap', 'hip hop', 'rap', 'west coast rap']","Nuthin' But A ""G"" Thang",Dr. Dre,The Chronic,Mimi
0.341,0.918,-6.401,0.0548,0.00983,0.335,0.455,0.0411,124.994,7hV8vZMezoQdSdvsi70Ioa,spotify:track:7hV8vZMezoQdSdvsi70Ioa,['stutter house'],Welcome To The Opera (with Grimes),Anyma,Genesys,Mimi
0.789,0.763,-6.169,0.199,0.123,2.22e-05,0.132,0.272,140.107,5JYPXqMwYc0zTODQdjMEZN,spotify:track:5JYPXqMwYc0zTODQdjMEZN,['bronx drill'],Deli,Ice Spice,Like..? (Deluxe),Mimi
0.449,0.875,-6.172,0.041,0.118,0.469,0.29,0.43,140.078,36zqSzaPzQWZYDCNm1klgY,spotify:track:36zqSzaPzQWZYDCNm1klgY,"['philly indie', 'pov: indie']",Gretel,Alex G,House of Sugar,Mimi
0.642,0.355,-14.196,0.0329,0.0951,3.44e-05,0.0865,0.725,180.26,3UDa3HRIwS4scBYom5K0zl,spotify:track:3UDa3HRIwS4scBYom5K0zl,"['alternative rock', 'boston rock', 'permanent wave', 'rock']",Wave Of Mutilation - UK Surf,Pixies,"Doolittle 25: B-Sides, Peel Sessions And Demos",Mimi
0.446,0.632,-12.197,0.034,0.0793,0.000266,0.0881,0.359,113.176,1Ic9pKxGSJGM0LKeqf6lGe,spotify:track:1Ic9pKxGSJGM0LKeqf6lGe,"['grunge', 'permanent wave', 'rock']",All Apologies,Nirvana,In Utero,Mimi
0.513,0.985,-5.029,0.0806,0.229,0.832,0.114,0.841,155.987,0rJvdHXHV9xOXAsq8bna7Q,spotify:track:0rJvdHXHV9xOXAsq8bna7Q,[],You Could Be The One,Snow Strippers,April Mixtape 2,Mimi
0.622,0.239,-18.982,0.0447,0.859,0.051,0.109,0.737,79.674,3iltRlox3jEeSKuqdW88EK,spotify:track:3iltRlox3jEeSKuqdW88EK,"['blues', 'blues rock', 'classic rock', 'country rock', 'electric blues', 'folk rock', 'psychedelic rock', 'traditional blues']",Going Up The Country,Canned Heat,On The Road Again,Mimi
0.824,0.68,-10.422,0.0476,0.0292,0.835,0.0676,0.67,125.961,4QUsmmXmINYXwh7UsiMX2j,spotify:track:4QUsmmXmINYXwh7UsiMX2j,['afrofuturism'],When I,Steve Lacy,The Lo-Fis,Mimi
0.887,0.419,-10.961,0.353,0.114,0.268,0.129,0.576,96.149,6GAemDMWAXa8wZOBkO1gar,spotify:track:6GAemDMWAXa8wZOBkO1gar,"['conscious hip hop', 'east coast hip hop', 'golden age hip hop', 'hip hop', 'jazz rap', 'queens hip hop']",Buggin' Out,A Tribe Called Quest,The Low End Theory,Mimi
0.646,0.645,-7.214,0.0338,0.764,0.114,0.137,0.473,140.987,3Uw2se3aQU1UFrpRBvBnB4,spotify:track:3Uw2se3aQU1UFrpRBvBnB4,"['hip hop', 'ohio hip hop', 'pop rap', 'rap']",Sept. 16,Kid Cudi,Man On The Moon III: The Chosen,Mimi
0.588,0.182,-11.487,0.0302,0.738,0.000427,0.128,0.217,95.915,3SsGrCb1eaSpGhRDqPaTln,spotify:track:3SsGrCb1eaSpGhRDqPaTln,"['pov: indie', 'slc indie']",Snowbank Blues,The Backseat Lovers,Waiting to Spill,Arielle
0.689,0.454,-7.643,0.0584,0.0351,0.00259,0.0707,0.912,159.982,3qhlB30KknSejmIvZZLjOD,spotify:track:3qhlB30KknSejmIvZZLjOD,"['indie pop', 'pov: indie', 'psychedelic pop']",End of Beginning,Djo,DECIDE,Arielle
0.397,0.552,-5.409,0.0567,0.363,0.0,0.076,0.569,142.528,0yfDVYKVKYrHknz9gVOlQr,spotify:track:0yfDVYKVKYrHknz9gVOlQr,"['bedroom pop', 'pop', 'pov: indie']",Fight or Flight,Conan Gray,Kid Krow,Arielle
0.539,0.702,-7.291,0.0436,0.00245,2.37e-05,0.117,0.206,118.106,5vollujufHY0jMZxx77VWr,spotify:track:5vollujufHY0jMZxx77VWr,"['alternative rock', 'dance rock', 'modern rock', 'permanent wave', 'rock']",All These Things That I've Done,The Killers,Hot Fuss,Arielle
0.57,0.804,-6.782,0.0701,0.0598,8.96e-05,0.187,0.624,87.533,51Lf3l6wx008NdBxCQnD6B,spotify:track:51Lf3l6wx008NdBxCQnD6B,"['deep new americana', 'indie pop', 'pov: indie']",Ode to a Conversation Stuck in Your Throat,Del Water Gap,Del Water Gap,Arielle
0.559,0.871,-5.338,0.0397,7.53e-06,0.00545,0.096,0.572,104.97,6dBUzqjtbnIa1TwYbyw5CM,spotify:track:6dBUzqjtbnIa1TwYbyw5CM,['pov: indie'],Lovers Rock,TV Girl,French Exit,Arielle
0.611,0.261,-10.681,0.0386,0.185,0.0981,0.142,0.128,93.106,10goTnuQ31YxbdBBwSx7zt,spotify:track:10goTnuQ31YxbdBBwSx7zt,"['pov: indie', 'slc indie']",Still a Friend,The Backseat Lovers,Elevator Days,Arielle
0.574,0.664,-7.713,0.0334,0.305,2.29e-05,0.143,0.727,111.933,7n6QMW76A5qgfn0Mb4aL7i,spotify:track:7n6QMW76A5qgfn0Mb4aL7i,['asbury park indie'],Off My Mind,Joe P,Emily Can't Sing,Arielle
0.818,0.374,-10.666,0.0459,0.0951,0.0139,0.217,0.457,117.956,6YArGkJUr82ehzRFa2YaRK,spotify:track:6YArGkJUr82ehzRFa2YaRK,"['indie pop', 'indie poptimism', 'modern rock', 'pov: indie']",Wake Me,Bleachers,Strange Desire,Arielle
0.63,0.908,-2.42,0.0326,0.0238,0.592,0.116,0.968,120.522,4fPBB44eDH71YohayI4eKV,spotify:track:4fPBB44eDH71YohayI4eKV,"['alternative rock', 'garage rock', 'modern rock', 'permanent wave', 'rock']",You Only Live Once,The Strokes,First Impressions Of Earth,Arielle
0.683,0.697,-6.703,0.025,0.169,2.46e-06,0.0527,0.591,96.729,6DIMM15oo3kxnCuVypaYGy,spotify:track:6DIMM15oo3kxnCuVypaYGy,"['pov: indie', 'vancouver indie']",Give Up Baby Go,Peach Pit,From 2 to 3,Arielle
0.412,0.88,-5.122,0.0368,1.13e-05,0.00211,0.282,0.845,154.642,48Jhybk2ZpPrnFb3oXdh6Z,spotify:track:48Jhybk2ZpPrnFb3oXdh6Z,"['modern rock', 'rock']",Don't Matter,Kings of Leon,Mechanical Bull (Expanded Edition),Arielle
0.527,0.746,-7.717,0.0536,0.0379,5.8e-05,0.0628,0.445,166.919,4lKg94fHZZ3pozsNFTew2x,spotify:track:4lKg94fHZZ3pozsNFTew2x,"['indie pop', 'indie poptimism', 'modern rock', 'pov: indie']",How Dare You Want More,Bleachers,Take the Sadness Out of Saturday Night,Arielle
0.662,0.488,-6.894,0.0682,0.782,0.0,0.102,0.817,117.913,0mflMxspEfB0VbI1kyLiAv,spotify:track:0mflMxspEfB0VbI1kyLiAv,['pov: indie'],Stick Season,Noah Kahan,Stick Season,Arielle
0.649,0.888,-4.807,0.0293,0.013,2.23e-06,0.0888,0.553,100.975,3b00LSFIRqnHvkoDEs5fkg,spotify:track:3b00LSFIRqnHvkoDEs5fkg,"['alternative rock', 'chamber pop', 'indie rock', 'indietronica', 'modern rock', 'washington indie']",Float On,Modest Mouse,Good News For People Who Love Bad News,Arielle
0.467,0.757,-5.093,0.033,0.0807,0.908,0.0876,0.433,82.282,11iIikXxC6NP0Ma8vMD27x,spotify:track:11iIikXxC6NP0Ma8vMD27x,"['boston indie', 'indie garage rock', 'pov: indie']",Alien Blues,Vundabar,Gawk,Arielle
0.669,0.885,-4.735,0.0438,0.0393,0.0,0.264,0.825,109.24,7fRCD4vVNpCy91Y3zxNMUl,spotify:track:7fRCD4vVNpCy91Y3zxNMUl,"['indie pop', 'indie poptimism', 'modern rock', 'pov: indie']",Stop Making This Hurt,Bleachers,Take the Sadness Out of Saturday Night,Arielle
0.547,0.596,-6.044,0.0339,8.02e-05,0.739,0.273,0.584,116.17,78Gzxi27GuNHTfkn2BylG4,spotify:track:78Gzxi27GuNHTfkn2BylG4,"['alternative rock', 'garage rock', 'modern rock', 'permanent wave', 'rock']",What Ever Happened?,The Strokes,Room On Fire,Arielle
0.752,0.679,-6.453,0.0391,0.0853,0.0,0.28,0.704,127.945,1LvU6IFqQnXOIwJyBDb2io,spotify:track:1LvU6IFqQnXOIwJyBDb2io,['pov: indie'],She Calls Me Back,Noah Kahan,Stick Season,Arielle
0.45,0.794,-5.015,0.0538,0.388,0.0,0.303,0.362,143.861,0awZwmlC6pxH65KTZpadmX,spotify:track:0awZwmlC6pxH65KTZpadmX,"['nashville indie', 'pov: indie']",Freakin' Out On the Interstate,Briston Maroney,Freakin' Out On The Interstate (Acoustic Version [Live]),Arielle
0.421,0.79,-6.227,0.0538,0.00205,0.000309,0.148,0.279,162.024,5L95vS64rG1YMIFm1hLjyZ,spotify:track:5L95vS64rG1YMIFm1hLjyZ,"['indie pop', 'indie poptimism', 'modern rock', 'pov: indie']",Rollercoaster,Bleachers,Strange Desire,Arielle
0.617,0.78,-4.466,0.0376,0.0141,0.0112,0.0833,0.326,93.951,6IRzBP4gVoV4D2zHmocoWy,spotify:track:6IRzBP4gVoV4D2zHmocoWy,"['alternative rock', 'garage rock', 'modern rock', 'permanent wave', 'rock']",Eternal Summer,The Strokes,The New Abnormal,Arielle
0.476,0.411,-7.731,0.0264,0.0176,0.0464,0.0856,0.264,89.307,5zMxLq47V3Gr0LlFvxiFXS,spotify:track:5zMxLq47V3Gr0LlFvxiFXS,"['pov: indie', 'slc indie']",Growing/Dying,The Backseat Lovers,Waiting to Spill,Arielle
0.404,0.797,-9.409,0.0707,0.0988,0.959,0.0941,0.703,162.065,0RgamNB8GMKLGn5t8shiwo,spotify:track:0RgamNB8GMKLGn5t8shiwo,"['hopebeat', 'north carolina indie']",Anybody Out There,Young Mister,Young Mister,Arielle
0.717,0.72,-4.269,0.0364,0.167,0.000216,0.0774,0.951,97.958,5S6spUAa7hNeJCP48786fm,spotify:track:5S6spUAa7hNeJCP48786fm,"['alternative rock', 'american post-punk', 'brooklyn indie', 'chamber pop', 'crank wave', 'denton tx indie', 'indie rock', 'lo-fi', 'neo-psychedelic', 'noise pop', 'noise rock']",Tenderness,Parquet Courts,Wide Awake!,Arielle
0.754,0.405,-11.547,0.0378,0.466,0.00179,0.1,0.0843,114.938,6fc51JZVE0Yijdi6RuoLFv,spotify:track:6fc51JZVE0Yijdi6RuoLFv,['pov: indie'],Painkillers,Rainbow Kitten Surprise,"How to: Friend, Love, Freefall",Arielle
0.464,0.655,-9.058,0.0608,0.0272,1.34e-06,0.328,0.531,169.515,3dmqIB2Qxe2XZobw9gXxJ6,spotify:track:3dmqIB2Qxe2XZobw9gXxJ6,"['album rock', 'classic rock', 'hard rock', 'heartland rock', 'mellow gold', 'rock', 'singer-songwriter', 'soft rock']",Mary Jane's Last Dance,Tom Petty and the Heartbreakers,Greatest Hits,Arielle
0.543,0.526,-9.703,0.0582,0.0447,0.0533,0.0778,0.384,153.0,4MXE6VCvTsQitHWrAxj7Kg,spotify:track:4MXE6VCvTsQitHWrAxj7Kg,"['pov: indie', 'slc indie']",Maple Syrup,The Backseat Lovers,When We Were Friends,Arielle
0.636,0.676,-3.442,0.0263,0.0807,0.0,0.0831,0.273,113.98,2tznHmp70DxMyr2XhWLOW0,spotify:track:2tznHmp70DxMyr2XhWLOW0,"['modern alternative rock', 'modern rock', 'pov: indie', 'punk blues', 'rock']",Cigarette Daydreams,Cage The Elephant,Melophobia,Arielle
0.607,0.411,-7.566,0.0414,0.603,0.000671,0.103,0.412,84.94,5cxnSTLzGD1t9xcdmJYFVB,spotify:track:5cxnSTLzGD1t9xcdmJYFVB,"['anti-folk', 'chamber pop', 'folk punk', 'indie rock', 'lo-fi', 'melancholia', 'new weird america']",No Children,The Mountain Goats,Tallahassee,Arielle
0.515,0.43,-9.935,0.0372,0.0097,0.000133,0.129,0.104,91.844,70LcF31zb1H0PyJoS1Sx1r,spotify:track:70LcF31zb1H0PyJoS1Sx1r,"['alternative rock', 'art rock', 'melancholia', 'oxford indie', 'permanent wave', 'rock']",Creep,Radiohead,Pablo Honey,Arielle
0.329,0.444,-9.973,0.0417,0.0578,0.0352,0.113,0.225,162.279,1170VohRSx6GwE6QDCHPPH,spotify:track:1170VohRSx6GwE6QDCHPPH,"['pov: indie', 'slc indie']",Kilby Girl,The Backseat Lovers,When We Were Friends,Arielle
0.627,0.371,-10.621,0.0269,0.638,0.0672,0.0759,0.361,143.932,5iMXCDWA4FxPNcOnq0HrpJ,spotify:track:5iMXCDWA4FxPNcOnq0HrpJ,"['lo-fi indie', 'pov: indie']",A Different Age,Current Joys,A Different Age,Arielle
0.542,0.905,-5.653,0.054,0.00172,0.0104,0.136,0.374,153.398,0ntQJM78wzOLVeCUAW7Y45,spotify:track:0ntQJM78wzOLVeCUAW7Y45,"['modern rock', 'rock']",Sex on Fire,Kings of Leon,Only By The Night,Arielle
0.659,0.678,-8.18,0.0313,0.157,6.69e-06,0.0784,0.647,106.186,2DnJjbjNTV9Nd5NOa1KGba,spotify:track:2DnJjbjNTV9Nd5NOa1KGba,"['classic rock', 'folk', 'folk rock', 'heartland rock', 'mellow gold', 'singer-songwriter', 'soft rock']",You're So Vain,Carly Simon,No Secrets,Arielle
0.59,0.532,-7.094,0.0282,0.00236,3.16e-05,0.136,0.304,92.901,1jRUUth3iAmmlSFA174YxZ,spotify:track:1jRUUth3iAmmlSFA174YxZ,"['pov: indie', 'slc indie']",Just a Boy,The Backseat Lovers,Just a Boy,Arielle
0.733,0.481,-7.554,0.0347,0.273,0.0739,0.287,0.553,125.009,6n6dqOk5vLiqYaa9Fw5ylH,spotify:track:6n6dqOk5vLiqYaa9Fw5ylH,['bedroom soul'],Stella Brown,Jelani Aryeh,I've Got Some Living To Do,Arielle
0.553,0.465,-9.664,0.0301,0.84,0.97,0.102,0.652,79.223,6WlmEymaXKMRs3D2c4j6os,spotify:track:6WlmEymaXKMRs3D2c4j6os,['slowcore'],Inside Out,Duster,Stratosphere,Arielle
0.57,0.842,-5.085,0.0381,0.0136,0.00876,0.524,0.47,143.975,7MlDNspYwfqnHxORufupwq,spotify:track:7MlDNspYwfqnHxORufupwq,['pov: indie'],"Sex, Drugs, Etc.",Beach Weather,Pineapple Sunrise,Arielle
0.566,0.348,-10.398,0.0301,0.0555,0.0547,0.132,0.078,108.958,2VZFlunJX12zxbSrzMiDp2,spotify:track:2VZFlunJX12zxbSrzMiDp2,"['pov: indie', 'slc indie']",Close Your Eyes,The Backseat Lovers,Waiting to Spill,Arielle
0.451,0.889,-3.838,0.0379,0.312,0.8,0.558,0.592,145.056,6Yu1OL8I0D4vjOzYdsXYGK,spotify:track:6Yu1OL8I0D4vjOzYdsXYGK,"['alternative rock', 'garage rock', 'modern rock', 'permanent wave', 'rock']",12:51,The Strokes,Room On Fire,Arielle
0.473,0.913,-1.673,0.0544,0.0637,0.0,0.295,0.548,146.957,2zpG6GUvNc1hqDBsLIJOOp,spotify:track:2zpG6GUvNc1hqDBsLIJOOp,"['british indie rock', 'britpop', 'leeds indie']",I Found Out,The Pigeon Detectives,Wait for Me,Arielle
0.591,0.721,-6.487,0.0335,0.00123,0.000386,0.097,0.316,119.97,0PXX5s9SXJWYWaYTg29oZc,spotify:track:0PXX5s9SXJWYWaYTg29oZc,[],Waste My Time,The Crystal Casino Band,Not About You,Arielle
0.661,0.473,-11.879,0.0428,0.128,0.00272,0.322,0.418,126.163,02nIOal2XIFkx5i9w1NJqp,spotify:track:02nIOal2XIFkx5i9w1NJqp,"['pov: indie', 'slc indie']",Pictures,The Backseat Lovers,Elevator Days,Arielle
0.686,0.494,-7.093,0.0355,0.613,5.8e-05,0.402,0.7,168.946,4k6Uh1HXdhtusDW5y8Gbvy,spotify:track:4k6Uh1HXdhtusDW5y8Gbvy,['afrofuturism'],Bad Habit,Steve Lacy,Gemini Rights,Arielle
0.427,0.459,-12.442,0.0332,0.116,0.000103,0.132,0.383,129.878,5zH710lFSLtkHbMkslLDjR,spotify:track:5zH710lFSLtkHbMkslLDjR,"['album rock', 'classic rock', 'glam metal', 'hard rock', 'heartland rock', 'mellow gold', 'new wave pop', 'rock', 'singer-songwriter', 'soft rock']",Crazy On You,Heart,Dreamboat Annie,Arielle
0.543,0.556,-6.126,0.0296,0.643,0.0,0.104,0.414,79.041,6GXxOycOvD7pp0F4ee6X5R,spotify:track:6GXxOycOvD7pp0F4ee6X5R,"['indie pop', 'indie poptimism', 'modern rock', 'pov: indie']",45,Bleachers,Take the Sadness Out of Saturday Night,Arielle
0.818,0.705,-6.679,0.177,0.00836,0.00233,0.613,0.772,138.559,0d28khcov6AiegSCpG5TuT,spotify:track:0d28khcov6AiegSCpG5TuT,"['alternative hip hop', 'modern rock', 'rock']",Feel Good Inc.,Gorillaz,Demon Days,Arielle
0.598,0.911,-3.97,0.0515,0.222,3.84e-06,0.216,0.953,146.469,0nCAVzknkzRXRgB6LhRv04,spotify:track:0nCAVzknkzRXRgB6LhRv04,"['modern rock', 'rock']",Molly's Chambers,Kings of Leon,Youth And Young Manhood,Arielle
0.629,0.534,-9.054,0.0267,0.437,3.33e-06,0.328,0.649,124.964,4XTuSMs47SIg35KxhNIUGe,spotify:track:4XTuSMs47SIg35KxhNIUGe,"['chamber pop', 'folk', 'indie folk', 'indie rock', 'indietronica', 'modern rock', 'seattle indie', 'singer-songwriter', 'stomp and holler']",White Winter Hymnal,Fleet Foxes,Fleet Foxes,Arielle
0.344,0.988,-3.812,0.105,0.0126,0.0879,0.601,0.579,136.379,20eg0KIEFJLEywzDYMfi2s,spotify:track:20eg0KIEFJLEywzDYMfi2s,"['canadian indie', 'canadian rock', 'halifax indie', 'power pop']",The Good in Everyone,Sloan,One Chord to Another,Arielle
0.407,0.519,-6.47,0.0336,0.11,0.889,0.409,0.342,94.001,5CU1bbfY1wUPm7fU255Dhf,spotify:track:5CU1bbfY1wUPm7fU255Dhf,"['alternative rock', 'chamber pop', 'elephant 6', 'indie rock', 'lo-fi', 'noise pop']",King of Carrot Flowers Pt. 1,Neutral Milk Hotel,In the Aeroplane Over the Sea,Arielle
0.279,0.473,-8.375,0.0309,0.242,0.00164,0.158,0.246,167.792,6yLIqXX9edg1x0HZS7cZEv,spotify:track:6yLIqXX9edg1x0HZS7cZEv,"['album rock', 'british invasion', 'classic rock', 'folk rock', 'mellow gold', 'merseybeat', 'soft rock']",The Air That I Breathe - 2008 Remaster,The Hollies,Hollies,Arielle
0.643,0.73,-5.042,0.0389,0.0705,3.08e-05,0.149,0.502,110.974,7rupErQvlafLl66U1rebYt,spotify:track:7rupErQvlafLl66U1rebYt,"['indie pop', 'nashville singer-songwriter']",Coming Soon,Annie DiRusso,Coming Soon,Arielle
0.526,0.749,-6.964,0.0283,0.023,1.76e-06,0.0692,0.421,99.982,754kgU5rWscRTfvlsuEwFp,spotify:track:754kgU5rWscRTfvlsuEwFp,"['lilith', 'pop rock']",Kiss Me,Sixpence None The Richer,Sixpence None the Richer,Arielle
0.506,0.526,-9.936,0.0285,0.334,0.000539,0.0907,0.591,129.641,1aRvUHgMe9ichgcHAAs12f,spotify:track:1aRvUHgMe9ichgcHAAs12f,"['chamber pop', 'indie rock', 'modern folk rock', 'philly indie', 'pov: indie', 'seattle indie', 'stomp and holler']",Nellie,Dr. Dog,B-Room (Deluxe Edition),Arielle
0.52,0.823,-4.468,0.0563,0.0327,0.000165,0.0967,0.521,150.154,7tKJLn5L2wqF35WpXrFnUT,spotify:track:7tKJLn5L2wqF35WpXrFnUT,[],Sheâ€™s Just a Friend,Cardinal Bloom,Sheâ€™s Just a Friend,Arielle
0.514,0.756,-7.988,0.147,0.337,0.0,0.135,0.764,90.307,4Hzg7Hcqo2aUooTQ0pnBYC,spotify:track:4Hzg7Hcqo2aUooTQ0pnBYC,"['alternative rock', 'blues rock', 'detroit rock', 'garage rock', 'modern blues rock', 'permanent wave', 'punk blues', 'rock']",The Denial Twist,The White Stripes,Get Behind Me Satan,Arielle
0.693,0.595,-7.578,0.0311,0.0969,0.0,0.113,0.646,112.02,0caJ2wkqp4UmXBwdR2JvB5,spotify:track:0caJ2wkqp4UmXBwdR2JvB5,['pov: indie'],Dial Drunk,Noah Kahan,Stick Season (We'll All Be Here Forever),Arielle
0.733,0.71,-5.849,0.0292,0.145,0.115,0.0956,0.965,127.975,7w87IxuO7BDcJ3YUqCyMTT,spotify:track:7w87IxuO7BDcJ3YUqCyMTT,"['indietronica', 'modern alternative rock', 'modern rock', 'rock']",Pumped Up Kicks,Foster The People,Torches,Arielle
0.597,0.864,-5.629,0.0271,0.261,0.0747,0.0973,0.55,130.079,3jw5KrLTxeIzpSvByNsH7F,spotify:track:3jw5KrLTxeIzpSvByNsH7F,"['chicago indie', 'indie garage rock', 'modern power pop']",Blue Coupe,Twin Peaks,Sweet '17 Singles,Arielle
0.711,0.665,-4.878,0.0266,7.18e-05,0.192,0.306,0.593,105.284,7hPO1N8dk3vH8kCYqHhJZX,spotify:track:7hPO1N8dk3vH8kCYqHhJZX,"['alternative rock', 'dance-punk']",We Used To Be Friends,The Dandy Warhols,Welcome To The Monkey House,Arielle
0.685,0.642,-5.417,0.0372,0.0997,0.0,0.0343,0.763,130.02,47rOmlKHPYyMDM3h6L74Sn,spotify:track:47rOmlKHPYyMDM3h6L74Sn,"['modern folk rock', 'new jersey indie', 'pov: indie']","So Alright, Cool, Whatever",The Happy Fits,Concentrate,Arielle
0.56,0.936,-5.835,0.0439,0.00847,0.0,0.161,0.371,112.96,0GO8y8jQk1PkHzS31d699N,spotify:track:0GO8y8jQk1PkHzS31d699N,"['indie rock', 'la indie', 'modern alternative rock', 'modern rock', 'pov: indie']",Tongue Tied,GROUPLOVE,Never Trust a Happy Song,Arielle
0.395,0.902,-5.808,0.177,0.001,0.0,0.327,0.632,184.737,7kVoPBSlGghzLoQjODkxGD,spotify:track:7kVoPBSlGghzLoQjODkxGD,"['alternative emo', 'emo', 'philly indie', 'pov: indie']",Your Graduation,Modern Baseball,You're Gonna Miss It All,Arielle
0.699,0.812,-6.005,0.0377,0.0164,0.000763,0.105,0.662,138.185,4dyx5SzxPPaD8xQIid5Wjj,spotify:track:4dyx5SzxPPaD8xQIid5Wjj,"['alternative dance', 'baroque pop', 'dance-punk', 'indie rock', 'modern rock', 'new rave', 'swedish alternative rock', 'swedish indie pop']",Young Folks,Peter Bjorn and John,Writer's Block,Arielle
0.613,0.953,-3.435,0.0855,0.00148,0.000582,0.152,0.537,105.046,305WCRhhS10XUcH6AEwZk6,spotify:track:305WCRhhS10XUcH6AEwZk6,"['garage rock', 'modern rock', 'pop rock']",Are You Gonna Be My Girl,Jet,Get Born,Arielle
0.387,0.595,-5.67,0.0389,0.361,1.1e-05,0.174,0.151,119.38,6Jv7kjGkhY2fT4yuBF3aTz,spotify:track:6Jv7kjGkhY2fT4yuBF3aTz,"['melancholia', 'permanent wave', 'singer-songwriter']","Lover, You Should've Come Over",Jeff Buckley,Grace,Arielle
0.67,0.905,-6.855,0.129,0.669,0.000227,0.349,0.563,104.965,3IznIgmXtrUaoPWpQTy5jB,spotify:track:3IznIgmXtrUaoPWpQTy5jB,['pov: indie'],Not Allowed,TV Girl,Who Really Cares,Arielle
0.637,0.651,-7.089,0.0521,0.32,0.0,0.0938,0.485,115.926,7ByxizhA4GgEf7Sxomxhze,spotify:track:7ByxizhA4GgEf7Sxomxhze,['pov: indie'],All My Love,Noah Kahan,Stick Season,Arielle
0.442,0.846,-5.214,0.0764,0.0538,4.71e-06,0.282,0.622,128.235,756CJtQRFSxEx9jV4P9hpA,spotify:track:756CJtQRFSxEx9jV4P9hpA,"['glam metal', 'hard rock']",I Believe in a Thing Called Love,The Darkness,Permission to Land,Arielle
0.508,0.792,-7.311,0.0297,0.229,0.124,0.145,0.601,147.067,7H0ya83CMmgFcOhw0UB6ow,spotify:track:7H0ya83CMmgFcOhw0UB6ow,"['baltimore indie', 'dream pop', 'dreamo', 'indie rock', 'indietronica', 'modern dream pop', 'pov: indie']",Space Song,Beach House,Depression Cherry,Arielle
0.454,0.82,-4.193,0.0567,0.132,0.000969,0.115,0.575,166.303,0UV5zxRMz6AO4ZwUOZNIKI,spotify:track:0UV5zxRMz6AO4ZwUOZNIKI,"['chamber pop', 'indie rock', 'modern folk rock', 'philly indie', 'pov: indie', 'seattle indie', 'stomp and holler']",Where'd All the Time Go?,Dr. Dog,"Shame, Shame (Deluxe Edition)",Arielle
0.545,0.81,-6.899,0.0443,0.0701,0.197,0.122,0.305,129.138,49x8Zp5wDjoquBE1THLLCV,spotify:track:49x8Zp5wDjoquBE1THLLCV,"['indietronica', 'modern rock', 'shimmer pop']",Sweet Disposition,The Temper Trap,Conditions,Arielle
0.409,0.551,-9.227,0.0335,0.5,0.0253,0.0961,0.405,90.407,69BWKQ0qeTnPHdk4lxuLcD,spotify:track:69BWKQ0qeTnPHdk4lxuLcD,"['indie folk', 'stomp and holler']",Snowshoes,Caamp,Lavender Days,Arielle
0.248,0.837,-6.534,0.0515,0.102,0.00214,0.338,0.66,122.878,4U2GQlVHIerwX78jHpkOYN,spotify:track:4U2GQlVHIerwX78jHpkOYN,"['indie pop', 'pov: indie']",10 Steps,Christian Leave,10 Steps,Arielle
0.429,0.668,-7.539,0.044,0.208,0.0,0.538,0.398,77.737,0WNGPpmWqzPnk0psUhJ3SX,spotify:track:0WNGPpmWqzPnk0psUhJ3SX,"['glam rock', 'protopunk']",All the Young Dudes,Mott The Hoople,All The Young Dudes (Expanded Edition),Arielle
0.558,0.522,-9.161,0.0278,0.112,0.0273,0.0686,0.674,179.982,5hS8s1Vf4CeSRBT1bTWa39,spotify:track:5hS8s1Vf4CeSRBT1bTWa39,"['indie pop', 'pov: indie', 'psychedelic pop']",Roddy,Djo,Twenty Twenty,Arielle
0.583,0.759,-7.03,0.0442,0.0032,0.0343,0.0936,0.215,103.021,4lUUUKvJzMa4uq9943vkHy,spotify:track:4lUUUKvJzMa4uq9943vkHy,['socal indie'],Happy People,Greer,Happy People,Arielle
0.587,0.869,-5.304,0.0318,0.00938,0.0,0.132,0.734,113.77,5uB3cnt54x4akRQHVKVy3Z,spotify:track:5uB3cnt54x4akRQHVKVy3Z,"['modern alternative rock', 'modern rock', 'pov: indie', 'punk blues', 'rock']",Instant Crush - Unpeeled,Cage The Elephant,Unpeeled,Arielle
0.703,0.578,-9.103,0.0728,0.446,0.0024,0.102,0.67,105.204,2FwDApgXk91kXvqy2oB7dz,spotify:track:2FwDApgXk91kXvqy2oB7dz,"['art pop', 'brooklyn indie', 'chamber pop', 'countrygaze', 'indie pop', 'indie rock', 'small room']",Simulation Swarm,Big Thief,Dragon New Warm Mountain I Believe In You,Arielle
0.511,0.472,-9.277,0.091,0.534,0.614,0.11,0.0399,127.978,38WyDtxZhxm63jiythwemE,spotify:track:38WyDtxZhxm63jiythwemE,"['art pop', 'metropopolis', 'nz pop', 'pop']",Ribs,Lorde,Pure Heroine,Arielle
0.593,0.749,-5.67,0.0475,0.0113,0.106,0.314,0.649,164.959,5ruzrDWcT0vuJIOMW7gMnW,spotify:track:5ruzrDWcT0vuJIOMW7gMnW,"['alternative rock', 'garage rock', 'modern rock', 'permanent wave', 'rock']",The Adults Are Talking,The Strokes,The New Abnormal,Arielle
0.716,0.735,-7.062,0.0272,0.341,0.000134,0.0969,0.694,124.001,1oWnDC5OoMPPosVY2cdXgT,spotify:track:1oWnDC5OoMPPosVY2cdXgT,"['indie folk', 'stomp and holler']",Lavender Girl,Caamp,Lavender Days,Arielle
0.665,0.492,-7.657,0.0262,0.0771,1.44e-06,0.0884,0.438,142.062,53XiAFWzn7cGwHF86nnUAt,spotify:track:53XiAFWzn7cGwHF86nnUAt,"['bubblegrunge', 'folk punk', 'indie punk', 'modern power pop']",10-Sep,Jeff Rosenstock,POST-,Arielle
0.58,0.482,-5.357,0.0279,0.753,0.000958,0.073,0.199,67.616,53XM8O6sQ4YzCq2jYgXuC6,spotify:track:53XM8O6sQ4YzCq2jYgXuC6,"['australian reggae fusion', 'australian surf rock', 'reggae fusion']",Cyclone (The Village Sessions),Sticky Fingers,Cyclone (The Village Sessions),Arielle
0.503,0.643,-6.494,0.0407,0.0261,2.27e-05,0.314,0.43,169.955,0jkzxxDG8z3Y5OmfNl1VM0,spotify:track:0jkzxxDG8z3Y5OmfNl1VM0,['pov: indie'],Homesick,Noah Kahan,Stick Season,Arielle
0.348,0.875,-4.758,0.199,0.0341,0.0,0.117,0.407,169.152,2zzLRQ78kKfPTx8FJQCdC2,spotify:track:2zzLRQ78kKfPTx8FJQCdC2,"['garage rock', 'modern rock', 'permanent wave', 'rock', 'sheffield indie']",When The Sun Goes Down,Arctic Monkeys,"Whatever People Say I Am, That's What I'm Not",Arielle
0.477,0.93,-2.347,0.051,0.0185,0.0,0.202,0.779,150.072,1iXtTFvDXtL4sr5GOc2tXx,spotify:track:1iXtTFvDXtL4sr5GOc2tXx,"['nashville indie', 'pov: indie']",Paradise,Briston Maroney,Paradise,Arielle
0.436,0.871,-4.446,0.0384,0.00319,0.000473,0.114,0.71,138.743,4cQIbDqCZrHknxlDUjRHZ0,spotify:track:4cQIbDqCZrHknxlDUjRHZ0,"['modern rock', 'rock']",Supersoaker,Kings of Leon,Mechanical Bull (Expanded Edition),Arielle
0.744,0.619,-9.805,0.039,0.598,0.00372,0.231,0.641,112.997,7B3z0ySL9Rr0XvZEAjWZzM,spotify:track:7B3z0ySL9Rr0XvZEAjWZzM,"['bedroom pop', 'indie pop', 'pov: indie']",Sofia,Clairo,Immunity,Arielle
0.52,0.852,-5.866,0.0543,0.00237,5.79e-05,0.0733,0.234,140.267,58ge6dfP91o9oXMzq3XkIS,spotify:track:58ge6dfP91o9oXMzq3XkIS,"['garage rock', 'modern rock', 'permanent wave', 'rock', 'sheffield indie']",505,Arctic Monkeys,Favourite Worst Nightmare (Standard Version),Arielle
0.613,0.64,-7.637,0.0338,0.286,0.0,0.15,0.441,129.853,5kBYMymc2d3h164QqEHwRL,spotify:track:5kBYMymc2d3h164QqEHwRL,"['nashville indie', 'pov: indie']",Small Talk,Briston Maroney,Indiana,Arielle
0.643,0.849,-5.428,0.0526,0.0371,0.0,0.058,0.903,162.152,6GG73Jik4jUlQCkKg9JuGO,spotify:track:6GG73Jik4jUlQCkKg9JuGO,"['alternative metal', 'alternative rock', 'emo', 'modern power pop', 'modern rock', 'neon pop punk', 'pop punk', 'pop rock', 'post-grunge', 'punk', 'rock']",The Middle,Jimmy Eat World,Bleed American,Arielle
0.504,0.623,-9.564,0.0307,0.0486,0.918,0.257,0.219,81.648,2ju5TLC9mW2FAhXjKn0hMb,spotify:track:2ju5TLC9mW2FAhXjKn0hMb,[],Swell,The Vacant Shapes,Furniture Rearranged,Arielle
0.419,0.693,-6.077,0.0345,0.419,4.96e-06,0.162,0.488,111.088,3cU9b4vb5yzyM12RXJ1k3s,spotify:track:3cU9b4vb5yzyM12RXJ1k3s,"['britpop', 'garage rock', 'garage rock revival', 'modern rock']",Music When The Lights Go Out,The Libertines,The Libertines,Arielle
0.631,0.625,-10.73,0.0374,0.134,0.0196,0.117,0.305,155.987,6tZetCGfhxPh5ZIKCGmaKq,spotify:track:6tZetCGfhxPh5ZIKCGmaKq,"['chamber pop', 'indie folk', 'indie rock', 'new americana', 'stomp and holler']",The Bottom of It,Fruit Bats,Gold Past Life,Arielle
0.415,0.782,-6.745,0.0461,0.0011,0.0,0.14,0.563,135.029,6UP5zTAuR4NFc1uZ3MHjvA,spotify:track:6UP5zTAuR4NFc1uZ3MHjvA,"['irish punk', 'mod revival', 'new wave', 'northern irish punk', 'punk']",Teenage Kicks,The Undertones,The Undertones,Arielle
0.557,0.277,-9.92,0.035,0.797,0.0,0.0984,0.248,76.328,7Js4OF5MUb2bqJe09g4uQE,spotify:track:7Js4OF5MUb2bqJe09g4uQE,"['art rock', 'classic rock', 'glam rock', 'permanent wave', 'rock']",Oh! You Pretty Things - 2015 Remaster,David Bowie,Hunky Dory (2015 Remaster),Arielle
0.388,0.291,-12.952,0.0421,0.774,1.93e-05,0.0874,0.51,83.943,4PwWESSlTwzvw9B7bmtTLS,spotify:track:4PwWESSlTwzvw9B7bmtTLS,"['chamber pop', 'countrygaze', 'indie pop', 'small room']",anything,Adrianne Lenker,songs,Arielle
0.33,0.917,-7.802,0.132,7.75e-05,0.022,0.408,0.419,199.482,2rbzhri93oQJQdknDGGntO,spotify:track:2rbzhri93oQJQdknDGGntO,"['australian metalcore', 'australian post-hardcore', 'metalcore']",Coven,Thornhill,The Dark Pool,Justin
0.57,0.483,-8.368,0.309,0.201,8.89e-05,0.282,0.359,89.916,4uaA3hOR4f9vDHsoP2SAyM,spotify:track:4uaA3hOR4f9vDHsoP2SAyM,['indie poptimism'],PS1,EDEN,ICYMI,Justin
0.324,0.928,-7.419,0.0954,2.69e-05,0.000878,0.332,0.425,200.078,1XAiQR21PTb9Ze3LUuOL98,spotify:track:1XAiQR21PTb9Ze3LUuOL98,"['australian metalcore', 'australian post-hardcore', 'metalcore']",Nurture,Thornhill,The Dark Pool,Justin
0.43,0.964,-7.595,0.0892,3.31e-05,0.519,0.818,0.243,135.042,5lidYkJnqNafJdhS9UgofX,spotify:track:5lidYkJnqNafJdhS9UgofX,"['australian metalcore', 'australian post-hardcore', 'metalcore']",Lily & The Moon,Thornhill,The Dark Pool,Justin
0.17,0.923,-7.622,0.111,0.000183,0.0279,0.494,0.26,170.041,60hlLMkJKy6pXtPMHspJao,spotify:track:60hlLMkJKy6pXtPMHspJao,"['australian metalcore', 'australian post-hardcore', 'metalcore']",Where We Go When We Die,Thornhill,The Dark Pool,Justin
0.364,0.884,-5.21,0.177,0.00632,0.0,0.828,0.506,140.061,2YGfjeZvYJyy1BQrbsLmGr,spotify:track:2YGfjeZvYJyy1BQrbsLmGr,"['neon pop punk', 'pixie', 'pop punk', 'pov: indie', 'texas pop punk']",REAL SUPER DARK,Waterparks,INTELLECTUAL PROPERTY,Justin
0.41,0.985,-2.189,0.136,2.01e-05,0.00671,0.226,0.373,80.351,6IZ7Pg6C3vduV2gQsycrYS,spotify:track:6IZ7Pg6C3vduV2gQsycrYS,[],grayout,thrown,grayout,Justin
0.283,0.921,-4.414,0.121,0.000119,0.163,0.138,0.367,169.974,3zwdN4h7DNlGlm3w4KylOM,spotify:track:3zwdN4h7DNlGlm3w4KylOM,"['melodic metalcore', 'metalcore', 'progressive deathcore']",Remember Me,Currents,The Death We Seek,Justin
0.514,0.912,-7.782,0.108,0.000179,0.085,0.122,0.154,122.067,6MNT8Yz0peis2saHdUjIES,spotify:track:6MNT8Yz0peis2saHdUjIES,"['australian metalcore', 'australian post-hardcore', 'metalcore']",Views From The Sun,Thornhill,The Dark Pool,Justin
0.414,0.87,-3.908,0.0975,0.00118,9.26e-06,0.119,0.439,164.249,6ERSCeGFBSwvHCvBjwrmwE,spotify:track:6ERSCeGFBSwvHCvBjwrmwE,['american metalcore'],Take Me First,Bad Omens,THE DEATH OF PEACE OF MIND,Justin
0.598,0.919,-4.294,0.145,0.00129,5.82e-06,0.375,0.39,140.041,32G9HklEX4SellyfQnkxqT,spotify:track:32G9HklEX4SellyfQnkxqT,"['neon pop punk', 'pixie', 'pop punk', 'pov: indie', 'texas pop punk']",RITUAL,Waterparks,INTELLECTUAL PROPERTY,Justin
0.366,0.874,-4.311,0.0516,5.44e-06,0.0713,0.277,0.226,84.987,305Zplio7ipZsFs0cZPBQu,spotify:track:305Zplio7ipZsFs0cZPBQu,"['melodic metalcore', 'metalcore', 'progressive deathcore']",So Alone,Currents,The Death We Seek,Justin
0.281,0.882,-8.584,0.0702,0.00296,0.849,0.273,0.263,195.004,5QlZjjfdxy6RB9Ha4Mxt6C,spotify:track:5QlZjjfdxy6RB9Ha4Mxt6C,"['australian metalcore', 'australian post-hardcore', 'metalcore']",Red Summer,Thornhill,The Dark Pool,Justin
0.417,0.95,-6.502,0.0852,0.00167,0.013,0.93,0.16,161.172,3q7kMFce0TnDafVUzq8IpE,spotify:track:3q7kMFce0TnDafVUzq8IpE,['canadian metalcore'],Holy Roller,Spiritbox,Eternal Blue,Justin
0.346,0.983,-2.023,0.156,5.09e-05,0.00888,0.102,0.466,199.967,6CpQSfRhXNm5O0cRoXJIh8,spotify:track:6CpQSfRhXNm5O0cRoXJIh8,[],dwell,thrown,EXTENDED PAIN,Justin
0.396,0.964,-4.509,0.0881,9.25e-06,0.015,0.339,0.531,162.036,0LE3IvKbdX0K60ajO7KdEe,spotify:track:0LE3IvKbdX0K60ajO7KdEe,"['melodic metalcore', 'metalcore', 'progressive deathcore']",Vengeance,Currents,The Death We Seek,Justin
0.545,0.989,-2.528,0.0865,0.000289,0.000395,0.39,0.545,103.501,1bmDf8qcqTcwAgWKpFIF8K,spotify:track:1bmDf8qcqTcwAgWKpFIF8K,"['australian metalcore', 'australian post-hardcore', 'melodic metalcore', 'metalcore']",Hypermania,Polaris,The Death of Me,Justin
0.387,0.94,-3.018,0.146,0.000352,3.18e-06,0.628,0.456,167.91,19vHgVS1aukRiQWhTqfKnE,spotify:track:19vHgVS1aukRiQWhTqfKnE,"['melodic metalcore', 'metalcore', 'modern rock', 'rock', 'uk metalcore']",DArkSide,Bring Me The Horizon,DArkSide,Justin
0.475,0.98,-5.002,0.0914,8.44e-05,0.0562,0.315,0.119,105.005,5Hs3FaBdK1GtuxLUGnn4Jo,spotify:track:5Hs3FaBdK1GtuxLUGnn4Jo,"['australian metalcore', 'australian post-hardcore', 'metalcore']",Arkangel,Thornhill,Heroine,Justin
0.209,0.944,-4.104,0.103,8.65e-06,0.1,0.404,0.247,113.301,0VwEIRp1gZihPBqQVKBd9w,spotify:track:0VwEIRp1gZihPBqQVKBd9w,"['melodic metalcore', 'metalcore', 'progressive deathcore']",The Death We Seek,Currents,The Death We Seek,Justin
0.601,0.476,-7.844,0.274,0.395,0.0,0.586,0.687,80.294,67CTulFr2WuyuG1tnSSeBH,spotify:track:67CTulFr2WuyuG1tnSSeBH,['indie poptimism'],Modern Warfare,EDEN,ICYMI,Justin
0.457,0.834,-4.674,0.0817,0.00252,0.00125,0.1,0.201,140.032,1H4Y9uW4N0LsxJUz0VnaPJ,spotify:track:1H4Y9uW4N0LsxJUz0VnaPJ,['american metalcore'],Just Pretend,Bad Omens,THE DEATH OF PEACE OF MIND,Justin
0.281,0.973,-4.321,0.135,3.29e-05,0.0217,0.331,0.132,183.917,04wZCMp09RzbRA8qoxjsTF,spotify:track:04wZCMp09RzbRA8qoxjsTF,"['australian metalcore', 'australian post-hardcore', 'metalcore']",Leather Wings,Thornhill,Heroine,Justin
0.364,0.863,-4.871,0.0621,2.38e-05,0.0253,0.112,0.111,99.473,2QU5VC9WgWdbktHKBrKKNX,spotify:track:2QU5VC9WgWdbktHKBrKKNX,"['melodic metalcore', 'metalcore', 'progressive deathcore']",Unfamiliar,Currents,The Death We Seek,Justin
0.486,0.953,-3.468,0.0878,0.000139,0.00243,0.14,0.592,138.032,6V5RvNdSqdEDshRKhsiCEH,spotify:track:6V5RvNdSqdEDshRKhsiCEH,"['australian metalcore', 'australian post-hardcore', 'melodic metalcore', 'metalcore']",All of This Is Fleeting,Polaris,The Death of Me,Justin
0.422,0.874,-4.606,0.0534,0.000166,0.231,0.143,0.392,102.743,6I5zXzSDByTEmYZ7ePVQeB,spotify:track:6I5zXzSDByTEmYZ7ePVQeB,['canadian metalcore'],Circle With Me,Spiritbox,Eternal Blue,Justin
0.456,0.915,-4.508,0.206,0.000696,9.95e-05,0.428,0.403,154.946,0xoyUiHhxVH4gwb0CRgNmg,spotify:track:0xoyUiHhxVH4gwb0CRgNmg,['american metalcore'],Like A Villain,Bad Omens,THE DEATH OF PEACE OF MIND,Justin
0.42,0.99,-4.779,0.12,6.28e-06,0.459,0.45,0.239,95.008,0boRYCi86zNhMR1wzi3YnR,spotify:track:0boRYCi86zNhMR1wzi3YnR,"['nu-metalcore', 'progressive metalcore', 'uk metalcore']",Broken Vision Rhythm,Loathe,I Let It in and It Took Everything,Justin
0.405,0.971,-2.486,0.0587,1.97e-05,0.000181,0.207,0.602,175.056,6gjrANvCefyvGHyzdquLSA,spotify:track:6gjrANvCefyvGHyzdquLSA,"['australian metalcore', 'australian post-hardcore', 'melodic metalcore', 'metalcore']",Creatures of Habit,Polaris,The Death of Me,Justin
0.387,0.948,-4.053,0.102,8.37e-05,0.0192,0.0878,0.165,85.502,1ZdDr1zM46JxFu2ugQc1mE,spotify:track:1ZdDr1zM46JxFu2ugQc1mE,['canadian metalcore'],Jaded,Spiritbox,Jaded,Justin
0.442,0.972,-7.641,0.112,2.36e-05,0.0815,0.114,0.092,92.508,25vhxpeK65FAuLNXGAISSx,spotify:track:25vhxpeK65FAuLNXGAISSx,"['australian metalcore', 'australian post-hardcore', 'metalcore']",In My Skin,Thornhill,The Dark Pool,Justin
0.472,0.947,-3.124,0.204,0.000338,0.0,0.071,0.459,161.108,12D1KLVjHdKiAckFi6ZEP1,spotify:track:12D1KLVjHdKiAckFi6ZEP1,['pop punk'],Safe And Sound,Point North,Prepare For Despair,Justin
0.371,0.984,-2.629,0.2,6.65e-05,4.48e-06,0.162,0.363,194.001,2HY1NsQG5J3TJJDgO22IlV,spotify:track:2HY1NsQG5J3TJJDgO22IlV,"['australian metalcore', 'australian post-hardcore', 'melodic metalcore', 'metalcore']",Landmine,Polaris,The Death of Me,Justin
0.451,0.981,-4.208,0.0857,0.000294,0.0308,0.318,0.325,116.231,3yk51U329nwdpeIHV0O5ez,spotify:track:3yk51U329nwdpeIHV0O5ez,['canadian metalcore'],Yellowjacket (feat. Sam Carter),Spiritbox,Eternal Blue,Justin
0.436,0.945,-5.485,0.134,0.000838,0.188,0.267,0.219,150.003,4x8YfbxUxtveffaFqM85XW,spotify:track:4x8YfbxUxtveffaFqM85XW,"['australian metalcore', 'australian post-hardcore', 'metalcore']",Varsity Hearts,Thornhill,Heroine,Justin
0.467,0.935,-3.103,0.125,0.000231,0.0,0.405,0.294,105.101,5viZ8CLipufc1Q1NXpMRNN,spotify:track:5viZ8CLipufc1Q1NXpMRNN,"['melodic metalcore', 'metalcore', 'modern rock', 'rock', 'uk metalcore']",AmEN! (feat. Lil Uzi Vert and Daryl Palumbo of Glassjaw),Bring Me The Horizon,AmEN! (feat. Lil Uzi Vert and Daryl Palumbo of Glassjaw),Justin
0.478,0.98,-2.796,0.0629,0.00786,0.0,0.108,0.261,90.035,0lTWjclO8uUXE2FQQOLavS,spotify:track:0lTWjclO8uUXE2FQQOLavS,"['australian metalcore', 'australian post-hardcore', 'melodic metalcore', 'metalcore']",Dissipate,Polaris,Fatalism,Justin
0.161,0.938,-3.466,0.0831,7.8e-06,0.00527,0.331,0.217,96.342,2CgQ5eYlfzPzuh1OKWaJuB,spotify:track:2CgQ5eYlfzPzuh1OKWaJuB,"['deathcore', 'melodic metalcore', 'slamming deathcore', 'slovenian metal']",Toxic,Within Destruction,Lotus,Justin
0.459,0.941,-7.822,0.118,0.000407,0.376,0.738,0.31,130.015,1auQBy6LVox5aWUcfpovu4,spotify:track:1auQBy6LVox5aWUcfpovu4,"['australian metalcore', 'australian post-hardcore', 'metalcore']",The Haze,Thornhill,The Dark Pool,Justin
0.703,0.861,-3.187,0.0756,0.119,0.0,0.338,0.682,93.029,5rt1XJbhuC5NRqmdKMDscI,spotify:track:5rt1XJbhuC5NRqmdKMDscI,"['neon pop punk', 'pixie', 'pop punk', 'pov: indie', 'texas pop punk']",BRAINWASHED,Waterparks,INTELLECTUAL PROPERTY,Justin
0.431,0.914,-4.243,0.0616,0.000243,0.0096,0.502,0.534,147.108,3Ddgh4ZwVIkLx0f4WeDFmo,spotify:track:3Ddgh4ZwVIkLx0f4WeDFmo,"['melodic metalcore', 'metalcore', 'modern rock', 'rock', 'uk metalcore']",sugar honey ice & tea,Bring Me The Horizon,amo,Justin
0.265,0.571,-7.551,0.121,0.219,0.000371,0.354,0.147,174.721,6Ru0vp3QUcUQmJtUW9UGB0,spotify:track:6Ru0vp3QUcUQmJtUW9UGB0,['indie poptimism'],Closer 2,EDEN,ICYMI,Justin
0.411,0.968,-7.428,0.129,0.000127,0.485,0.0936,0.159,92.545,0KfMNawHvIWb4wJsQZkHne,spotify:track:0KfMNawHvIWb4wJsQZkHne,"['australian metalcore', 'australian post-hardcore', 'metalcore']",Human,Thornhill,The Dark Pool,Justin
0.491,0.98,-2.68,0.0977,0.000294,6.55e-06,0.0818,0.379,95.992,4JpUHYV5xwiBHx9wnTSjh1,spotify:track:4JpUHYV5xwiBHx9wnTSjh1,"['australian metalcore', 'australian post-hardcore', 'melodic metalcore', 'metalcore']",Inhumane,Polaris,Fatalism,Justin
0.372,0.978,-4.833,0.157,0.000624,2.22e-05,0.134,0.214,76.359,1BqzzWlA868p8J5VIbp50A,spotify:track:1BqzzWlA868p8J5VIbp50A,"['melodic metalcore', 'metalcore', 'progressive deathcore']",Better Days,Currents,The Way It Ends,Justin
0.368,0.977,-3.39,0.135,4.62e-05,0.000829,0.41,0.167,107.773,2rFaJ6NRIRWn335tQr8lWD,spotify:track:2rFaJ6NRIRWn335tQr8lWD,['canadian metalcore'],Hurt You,Spiritbox,Eternal Blue,Justin
0.445,0.939,-3.922,0.0817,0.000124,0.0,0.323,0.555,169.892,6s8wk1dQBP4vIJqOC3CTcM,spotify:track:6s8wk1dQBP4vIJqOC3CTcM,['pop punk'],Recover,Point North,Prepare For Despair,Justin
0.421,0.819,-3.928,0.0403,0.0145,0.0,0.0911,0.17,92.602,7oGCVuPEyp6m6DhXkU5Pfs,spotify:track:7oGCVuPEyp6m6DhXkU5Pfs,['metalcore'],Without Me,Dayseeker,Dark Sun,Justin
0.473,0.9,-3.39,0.104,6.68e-05,0.000217,0.0615,0.468,151.988,1NDLQvcwBgWn4Il3ex0kkH,spotify:track:1NDLQvcwBgWn4Il3ex0kkH,"['mathcore', 'melodic metalcore', 'metalcore', 'progressive metalcore', 'uk metalcore']",born again pessimist,Architects,the classic symptoms of a broken spirit,Justin
0.458,0.92,-5.03,0.0961,9.75e-06,0.568,0.16,0.275,100.044,4gYTRtoYacPdp0sxRm03sQ,spotify:track:4gYTRtoYacPdp0sxRm03sQ,"['melodic metalcore', 'metalcore', 'progressive deathcore']",Living In Tragedy,Currents,The Death We Seek,Justin
0.524,0.979,-2.882,0.136,0.000823,0.0,0.0247,0.399,147.998,1ENHaIKPdZ5ntDQWUix6Bw,spotify:track:1ENHaIKPdZ5ntDQWUix6Bw,"['australian metalcore', 'australian post-hardcore', 'melodic metalcore', 'metalcore']",Parasites,Polaris,Fatalism,Justin
0.303,0.995,-2.771,0.209,0.0003,0.00162,0.378,0.203,200.057,5LsE3fyGltz5HOl51c7asX,spotify:track:5LsE3fyGltz5HOl51c7asX,[],new low,thrown,new low,Justin
0.514,0.968,-3.737,0.19,0.000137,0.00026,0.128,0.262,117.878,3DW6GVr7RVyfvo4NBRvZIZ,spotify:track:3DW6GVr7RVyfvo4NBRvZIZ,"['melodic metalcore', 'metalcore', 'modern rock', 'rock', 'uk metalcore']","Dear Diary,",Bring Me The Horizon,POST HUMAN: SURVIVAL HORROR,Justin
0.489,0.868,-3.767,0.0556,0.0226,0.0,0.387,0.457,158.114,4e4htLKeAZFildRW8D2Itx,spotify:track:4e4htLKeAZFildRW8D2Itx,"['neon pop punk', 'pixie', 'pop punk', 'pov: indie', 'texas pop punk']",FUCK ABOUT IT (feat. blackbear),Waterparks,INTELLECTUAL PROPERTY,Justin
0.419,0.957,-3.413,0.136,0.000774,0.0,0.175,0.457,174.094,4TzGD5Pryq8DTjv5QRuJaW,spotify:track:4TzGD5Pryq8DTjv5QRuJaW,['american metalcore'],Nowhere To Go,Bad Omens,THE DEATH OF PEACE OF MIND,Justin
0.29,0.981,-2.122,0.14,6.21e-05,0.00155,0.306,0.335,145.461,69ohjiZNbPd0SjJFV0FwgU,spotify:track:69ohjiZNbPd0SjJFV0FwgU,[],fast forward,thrown,fast forward,Justin
0.361,0.338,-9.878,0.0816,0.444,2.59e-05,0.362,0.108,152.434,4GISsjjHTA2UyM9DY4DNgY,spotify:track:4GISsjjHTA2UyM9DY4DNgY,"['alt z', 'electropop', 'pop']",internet crush,Jeremy Zucker,internet crush,Justin
0.502,0.969,-2.678,0.0669,7.12e-06,0.0853,0.363,0.439,99.971,4xzOEZ3SNk4M3Ptzm3bkY9,spotify:track:4xzOEZ3SNk4M3Ptzm3bkY9,"['australian metalcore', 'australian post-hardcore', 'melodic metalcore', 'metalcore']",Vagabond,Polaris,The Death of Me,Justin
0.513,0.973,-4.115,0.0849,4.58e-05,0.00326,0.224,0.159,121.018,3VGheGbJrEnGvwteXNBDNt,spotify:track:3VGheGbJrEnGvwteXNBDNt,"['mathcore', 'melodic metalcore', 'metalcore', 'progressive metalcore', 'uk metalcore']",Hereafter,Architects,Holy Hell,Justin
0.467,0.915,-3.892,0.0684,0.000853,6.82e-05,0.125,0.51,95.043,5oZy9b1lMtREB3cqOPQusD,spotify:track:5oZy9b1lMtREB3cqOPQusD,['american metalcore'],The Grey,Bad Omens,THE DEATH OF PEACE OF MIND,Justin
0.304,0.987,-2.578,0.193,6.13e-05,0.000162,0.371,0.153,149.992,2ClgEn1FZxchrqRZ04JZzj,spotify:track:2ClgEn1FZxchrqRZ04JZzj,"['alternative metal', 'metalcore']",Slaughterhouse (feat. Bryan Garris),Motionless In White,Scoring The End Of The World,Justin
0.335,0.965,-5.013,0.233,3.56e-05,0.0022,0.459,0.173,170.061,6NCUsc3nuKxBTyH4E4Pu5c,spotify:track:6NCUsc3nuKxBTyH4E4Pu5c,"['nu-metalcore', 'progressive metalcore', 'uk metalcore']",White Hot,Loathe,White Hot / Saint Cecilia,Justin
0.267,0.986,-4.554,0.2,8.65e-05,6.57e-05,0.249,0.0709,119.256,0LnNkDzIGaYKCvGbe5N9Wo,spotify:track:0LnNkDzIGaYKCvGbe5N9Wo,"['mathcore', 'melodic metalcore', 'metalcore', 'progressive metalcore', 'uk metalcore']",Nihilist,Architects,All Our Gods Have Abandoned Us,Justin
0.309,0.934,-3.915,0.106,9.06e-06,0.529,0.22,0.258,153.142,5vPGkNZynqNRfLtgYDw8fG,spotify:track:5vPGkNZynqNRfLtgYDw8fG,"['melodic metalcore', 'metalcore', 'progressive deathcore']",Over And Over,Currents,The Death We Seek,Justin
0.356,0.995,-3.366,0.172,3.26e-06,0.000196,0.403,0.167,183.985,63GJDO5mxiFP1ZQEpdUWRd,spotify:track:63GJDO5mxiFP1ZQEpdUWRd,"['australian metalcore', 'australian post-hardcore', 'melodic metalcore', 'metalcore']",The Remedy,Polaris,The Mortal Coil,Justin
0.749,0.424,-7.782,0.0591,0.264,4.81e-06,0.211,0.542,94.998,72iHF8yVgrCWEB76Lwxy7T,spotify:track:72iHF8yVgrCWEB76Lwxy7T,"['alt z', 'electropop', 'pop']",cindy,Jeremy Zucker,is nothing sacred?,Justin
0.418,0.894,-5.482,0.0916,0.0135,7.06e-06,0.599,0.368,166.001,6X6CgMY4S6AkTBJTY0pwTS,spotify:track:6X6CgMY4S6AkTBJTY0pwTS,"['neon pop punk', 'pixie', 'pop punk', 'pov: indie', 'texas pop punk']",A NIGHT OUT ON EARTH,Waterparks,INTELLECTUAL PROPERTY,Justin
0.486,0.934,-6.064,0.0703,0.00171,0.0037,0.108,0.125,139.934,1zNBVe8QG37iPLLQHlUS2u,spotify:track:1zNBVe8QG37iPLLQHlUS2u,"['melodic metalcore', 'metalcore', 'progressive deathcore']",Kill the Ache,Currents,The Way It Ends,Justin
0.425,0.98,-2.219,0.189,0.000104,1.46e-06,0.346,0.279,152.0,7hntkdvG3jWdFKm7pGCCzd,spotify:track:7hntkdvG3jWdFKm7pGCCzd,"['melodic metalcore', 'metalcore', 'modern rock', 'rock', 'uk metalcore']",The House of Wolves,Bring Me The Horizon,Sempiternal (Expanded Edition),Justin
0.533,0.98,-3.723,0.125,1.2e-05,0.0188,0.378,0.283,120.006,7eUtMHOwrNdq4qf6qZKEa0,spotify:track:7eUtMHOwrNdq4qf6qZKEa0,"['australian metalcore', 'australian post-hardcore', 'metalcore']",Casanova,Thornhill,Heroine,Justin
0.54,0.856,-5.181,0.0568,0.000189,7.67e-05,0.0772,0.672,131.951,16HsEMkim07LboMyhR81eu,spotify:track:16HsEMkim07LboMyhR81eu,"['indie rock italiano', 'italian pop']",READ YOUR DIARY,Måneskin,RUSH!,Justin
0.485,0.987,-3.801,0.1,0.000619,0.00122,0.123,0.283,138.012,09egp10m2GLUAgNoutZQ7A,spotify:track:09egp10m2GLUAgNoutZQ7A,['canadian metalcore'],Silk In The Strings,Spiritbox,Eternal Blue,Justin
0.497,0.916,-3.323,0.108,0.000323,0.0,0.36,0.401,96.051,3WATWS2Ywo5HeHtG0bE2iZ,spotify:track:3WATWS2Ywo5HeHtG0bE2iZ,"['melodic metalcore', 'metalcore', 'modern rock', 'rock', 'uk metalcore']",Teardrops,Bring Me The Horizon,POST HUMAN: SURVIVAL HORROR,Justin
0.536,0.94,-3.74,0.1,4.57e-05,0.289,0.0806,0.286,111.009,3HxfmwvDXCVz1ZnGRHzXvD,spotify:track:3HxfmwvDXCVz1ZnGRHzXvD,"['neon pop punk', 'pop emo', 'pop punk', 'screamo']",Tyrants,Sleeping With Sirens,Complete Collapse,Justin
0.443,0.963,-1.844,0.0639,0.0018,0.0,0.424,0.24,172.966,1khwSRuqim7TyvlCD7WDyy,spotify:track:1khwSRuqim7TyvlCD7WDyy,"['indie rock italiano', 'italian pop']",MARK CHAPMAN,Måneskin,RUSH!,Justin
0.318,0.922,-3.936,0.154,0.000119,0.000113,0.3,0.288,140.048,25Yfk4XBeglz1QoXhDqJ2w,spotify:track:25Yfk4XBeglz1QoXhDqJ2w,"['australian metalcore', 'blackened deathcore', 'brutal deathcore', 'deathcore', 'melodic deathcore', 'melodic metalcore', 'metalcore', 'symphonic deathcore']",Ghost Of Me,Make Them Suffer,Ghost Of Me,Justin
0.426,0.934,-4.063,0.0685,2.97e-05,0.0089,0.113,0.285,160.077,4EyPadLFhtWojU7mkT5hqT,spotify:track:4EyPadLFhtWojU7mkT5hqT,"['melodic metalcore', 'metalcore', 'modern rock', 'rock', 'uk metalcore']",Avalanche,Bring Me The Horizon,That's The Spirit,Justin
0.826,0.634,-7.928,0.0358,0.0498,0.0105,0.222,0.96,124.965,2RSAu3AGDi2sPhYEjSZmzv,spotify:track:2RSAu3AGDi2sPhYEjSZmzv,"['alt z', 'electropop', 'pop']",OK,Jeremy Zucker,OK,Justin
0.293,0.775,-4.455,0.0283,0.000734,0.0109,0.122,0.312,101.488,2Ppbl9UwcKfc7yaVgkBTNd,spotify:track:2Ppbl9UwcKfc7yaVgkBTNd,"['indie rock italiano', 'italian pop']",IL DONO DELLA VITA,Måneskin,RUSH!,Justin
0.462,0.979,-4.255,0.0664,0.000899,8.3e-06,0.33,0.542,173.957,2A1HJSm5Gqqb9oTv28U6dr,spotify:track:2A1HJSm5Gqqb9oTv28U6dr,"['hopebeat', 'pov: indie']",Told You So,The Band CAMINO,The Dark,Justin
0.396,0.939,-3.155,0.227,0.000285,0.0,0.212,0.39,185.081,5BgnL6gHauuvxe4Ok6W1aC,spotify:track:5BgnL6gHauuvxe4Ok6W1aC,"['melodic metalcore', 'metalcore', 'modern rock', 'rock', 'uk metalcore']",LosT,Bring Me The Horizon,LosT,Justin
0.481,0.88,-4.55,0.0717,0.00465,6.02e-05,0.204,0.289,95.023,04NGX0b5Tgs7VsErfn5OA1,spotify:track:04NGX0b5Tgs7VsErfn5OA1,"['alternative metal', 'christian rock', 'nu metal', 'post-grunge']",Vitamin R (Leading Us Along),Chevelle,This Type Of Thinking (Could Do Us In),Justin
0.484,0.444,-6.935,0.0636,0.601,0.0,0.238,0.226,144.21,3OXpdrHLT4IqM76RajgM6Q,spotify:track:3OXpdrHLT4IqM76RajgM6Q,['indie poptimism'],drugs,EDEN,i think you think too much of me,Justin
0.323,0.984,-1.693,0.191,8.19e-05,0.00202,0.336,0.223,164.992,0D2binrdiYKNWlEc8jVIaI,spotify:track:0D2binrdiYKNWlEc8jVIaI,"['australian metalcore', 'australian post-hardcore', 'metalcore']",Parasite,Thornhill,Butterfly,Justin
0.454,0.966,-2.396,0.176,0.000901,8.19e-05,0.324,0.29,96.037,7E4LEF3hA3WNQPX0ylJOOp,spotify:track:7E4LEF3hA3WNQPX0ylJOOp,"['neon pop punk', 'pop emo', 'pop punk', 'screamo']",Crosses (feat. Spencer Chamberlain of Underoath),Sleeping With Sirens,Complete Collapse,Justin
0.426,0.97,-3.179,0.131,0.00772,0.0,0.129,0.424,160.034,0bjwkqQ0lZSIes3IW7Aeq8,spotify:track:0bjwkqQ0lZSIes3IW7Aeq8,['pop punk'],Ghost in My Home,Point North,Ghost in My Home,Justin
0.609,0.661,-7.764,0.312,0.0892,0.0,0.423,0.668,93.898,45gBZkMfyeDJvfSsF6pEKf,spotify:track:45gBZkMfyeDJvfSsF6pEKf,['indie poptimism'],Sci-Fi,EDEN,ICYMI,Justin
0.295,0.924,-3.407,0.0678,4.02e-05,0.00462,0.377,0.219,171.941,1yYE8EyuIV0rrvQ1bA2Fyf,spotify:track:1yYE8EyuIV0rrvQ1bA2Fyf,"['melodic metalcore', 'metalcore', 'modern rock', 'rock', 'uk metalcore']",Happy Song,Bring Me The Horizon,That's The Spirit,Justin
0.448,0.973,-3.821,0.299,0.000418,0.000308,0.305,0.57,149.934,1sp1NrbrCjJ82c5KjelUpr,spotify:track:1sp1NrbrCjJ82c5KjelUpr,['metalcore'],Divide,The Plot In You,Divide,Justin
0.794,0.668,-7.689,0.0646,0.299,0.00104,0.0899,0.632,148.016,1abwytAhbWeHrbsA9eODOy,spotify:track:1abwytAhbWeHrbsA9eODOy,['viral pop'],Feeling Like The End,Joji,SMITHEREENS,Justin
0.353,0.393,-7.424,0.0393,0.563,6.25e-05,0.0992,0.073,149.54,7yKRfKppKVW3MdhRbGHtI0,spotify:track:7yKRfKppKVW3MdhRbGHtI0,['indie poptimism'],start//end,EDEN,vertigo,Justin
0.488,0.967,-1.825,0.103,4.63e-06,0.00018,0.494,0.331,94.99,7petzbAJP403GAY6F3Zfbx,spotify:track:7petzbAJP403GAY6F3Zfbx,"['alternative metal', 'metalcore']",Soft,Motionless In White,Graveyard Shift,Justin
0.445,0.954,-4.073,0.41,0.0501,0.0,0.444,0.628,172.061,17kqPlp9edI1p1VULIbiDZ,spotify:track:17kqPlp9edI1p1VULIbiDZ,"['neon pop punk', 'pixie', 'pop punk', 'pov: indie', 'texas pop punk']",ST*RFUCKER,Waterparks,INTELLECTUAL PROPERTY,Justin
0.489,0.993,-2.357,0.0655,0.000445,0.0,0.339,0.192,100.015,0jrOt6XnOTeZOd56U16Bfp,spotify:track:0jrOt6XnOTeZOd56U16Bfp,"['australian metalcore', 'australian post-hardcore', 'melodic metalcore', 'metalcore']",Nightmare,Polaris,Fatalism,Justin
0.281,0.332,-11.243,0.0512,0.939,0.00582,0.766,0.189,79.994,1C0wUTyX5wZA4AbZaZfZAB,spotify:track:1C0wUTyX5wZA4AbZaZfZAB,['indie poptimism'],forever//over,EDEN,vertigo,Justin
0.546,0.945,-4.399,0.0531,0.000311,0.0,0.724,0.545,135.128,6Q1m1GyNxyOwZ2ud3p7XoS,spotify:track:6Q1m1GyNxyOwZ2ud3p7XoS,"['alternative metal', 'nu-metalcore', 'post-grunge']",Gasoline,I Prevail,TRAUMA,Justin
0.431,0.873,-4.324,0.0532,0.038,0.0,0.0528,0.216,92.56,3ZNBfFhZ10MrpedOl7b2p8,spotify:track:3ZNBfFhZ10MrpedOl7b2p8,['metalcore'],Burial Plot,Dayseeker,Sleeptalk (Deluxe),Justin
0.509,0.878,-3.57,0.0411,4.52e-05,2.63e-06,0.365,0.354,86.009,7Igb2aGtzSlisOgXbjmdZW,spotify:track:7Igb2aGtzSlisOgXbjmdZW,"['mathcore', 'melodic metalcore', 'metalcore', 'progressive metalcore', 'uk metalcore']",tear gas,Architects,the classic symptoms of a broken spirit,Justin
0.342,0.938,-5.194,0.0808,0.000313,0.0181,0.348,0.154,151.965,5vJIVr0ZYo8DFbfSOY4Goa,spotify:track:5vJIVr0ZYo8DFbfSOY4Goa,['prog metal'],Vore,Sleep Token,Take Me Back To Eden,Justin
0.376,0.944,-4.053,0.174,0.000101,1.18e-06,0.313,0.453,176.021,0sZ7125n1GTxvrq0anThNy,spotify:track:0sZ7125n1GTxvrq0anThNy,['metalcore'],The Shower Scene,Ice Nine Kills,Welcome To Horrorwood: The Silver Scream 2,Justin
